,Company Name,Industry,LastPrice,Change,%Chg,Mkt Cap(Rs cr),Time
0,Adani Ports,Transport Infrastructure,229.9,22.1,10.64,46709.97,2020-03-24 15:02:36.074044
1,Asian Paints,Paints,1510.5,12.05,0.8,144886.83,2020-03-24 15:02:36.074044
2,Axis Bank,Bank - Private,305.7,-2.95,-0.96,86251.46,2020-03-24 15:02:36.074044
3,Bajaj Auto,Automobile - 2 & 3 Wheelers,1923.5,-12.05,-0.62,55659.75,2020-03-24 15:02:36.074044
4,Bajaj Finance,Finance - NBFC,2432.0,165.85,7.32,146330.78,2020-03-24 15:02:36.074044
5,Bajaj Finserv,Finance - Investment,4345.55,-275.5,-5.96,69153.91,2020-03-24 15:02:36.074044
6,Bharti Airtel,Telecommunication - Service Provider,403.65,-3.7,-0.91,220213.57,2020-03-24 15:02:36.074044
7,Bharti Infratel,Telecommunication - Equipment,139.95,-3.45,-2.41,25885.27,2020-03-24 15:02:36.074044
8,BPCL,Refineries,257.1,-12.25,-4.55,55771.49,2020-03-24 15:02:36.074044
9,Britannia,Consumer Food,2349.95,212.1,9.92,56508.85,2020-03-24 15:02:36.074044
10,Cipla,Pharmaceuticals & Drugs,373.55,-1.7,-0.45,30116.92,2020-03-24 15:02:36.074044
11,Coal India,Coal,128.1,0.25,0.2,78944.55,2020-03-24 15:02:36.074044
12,Dr Reddys Labs,Pharmaceuticals & Drugs,2872.95,104.55,3.78,47740.41,2020-03-24 15:02:36.074044
13,Eicher Motors,Automobile - LCVS/ HVCS,14300.95,595.05,4.34,39049.42,2020-03-24 15:02:36.074044
14,GAIL,Gas Distribution,76.5,-1.5,-1.92,34797.36,2020-03-24 15:02:36.074044
15,Grasim,Diversified,403.0,-30.25,-6.98,26509.3,2020-03-24 15:02:36.074044
16,HCL Tech,IT Services & Consulting,438.0,20.85,5.0,118858.53,2020-03-24 15:02:36.074044
17,HDFC,Finance - Housing,1520.5,-0.2,-0.01,263347.13,2020-03-24 15:02:36.074044
18,HDFC Bank,Bank - Private,761.45,-10.1,-1.31,417524.85,2020-03-24 15:02:36.074044
19,Hero Motocorp,Automobile - 2 & 3 Wheelers,1626.15,10.15,0.63,32480.62,2020-03-24 15:02:36.074044
20,Hindalco,Iron & Steel,88.55,0.65,0.74,19890.3,2020-03-24 15:02:36.074044
21,HUL,Household & Personal Products,2042.65,172.95,9.25,442197.17,2020-03-24 15:02:36.074044
22,ICICI Bank,Bank - Private,296.7,12.7,4.47,192038.75,2020-03-24 15:02:36.074044
23,IndusInd Bank,Bank - Private,305.5,-30.95,-9.2,21187.52,2020-03-24 15:02:36.074044
24,Infosys,IT Services & Consulting,579.25,52.8,10.03,246690.83,2020-03-24 15:02:36.074044
25,IOC,Refineries,79.65,-1.1,-1.36,74983.78,2020-03-24 15:02:36.074044
26,ITC,Cigarettes/Tobacco,148.95,-5.35,-3.47,183092.78,2020-03-24 15:02:36.074044
27,JSW Steel,Iron & Steel,146.5,2.1,1.45,35412.28,2020-03-24 15:02:36.074044
28,Kotak Mahindra,Bank - Private,1133.6,35.35,3.22,216797.2,2020-03-24 15:02:36.074044
29,Larsen,Engineering & Construction,700.85,-23.2,-3.2,98391.77,2020-03-24 15:02:36.074044
30,M&M,Automobile - Auto & Truck Manufacturers,267.55,-25.85,-8.81,33261.62,2020-03-24 15:02:36.074044
31,Maruti Suzuki,Automobile - Passenger Cars,4451.0,230.65,5.47,134455.83,2020-03-24 15:02:36.074044
32,Nestle,Consumer Food,13500.2,555.55,4.29,130163.14,2020-03-24 15:02:36.074044
33,NTPC,Power Generation/Distribution,76.25,-0.15,-0.2,75446.0,2020-03-24 15:02:36.074044
34,ONGC,Oil Exploration and Production,62.25,1.85,3.06,78312.24,2020-03-24 15:02:36.074044
35,Power Grid Corp,Power Generation/Distribution,146.85,-6.15,-4.02,76825.89,2020-03-24 15:02:36.074044
36,Reliance,Oil Exploration and Production,941.7,57.65,6.52,596968.82,2020-03-24 15:02:36.074044
37,SBI,Bank - Public,182.5,0.9,0.5,162874.16,2020-03-24 15:02:36.074044
38,Sun Pharma,Pharmaceuticals & Drugs,336.3,11.8,3.64,80689.64,2020-03-24 15:02:36.074044
39,Tata Motors,Automobile - LCVS/ HVCS,68.1,1.9,2.87,21035.9,2020-03-24 15:02:36.074044
40,Tata Steel,Iron & Steel,273.05,1.9,0.7,30758.8,2020-03-24 15:02:36.074044
41,TCS,IT Services & Consulting,1705.25,35.55,2.13,639875.4,2020-03-24 15:02:36.074044
42,Tech Mahindra,IT Services & Consulting,503.2,16.0,3.28,49632.06,2020-03-24 15:02:36.074044
43,Titan Company,Diamond  &  Jewellery,810.55,9.6,1.2,71959.51,2020-03-24 15:02:36.074044
44,UltraTechCement,Cement,3001.5,-53.35,-1.75,86630.34,2020-03-24 15:02:36.074044
45,UPL,Pesticides & Agrochemicals,265.4,10.8,4.24,20277.77,2020-03-24 15:02:36.074044
46,Vedanta,Metals - Non Ferrous,62.65,0.0,0.0,23288.24,2020-03-24 15:02:36.074044
47,Wipro,IT Services & Consulting,175.65,5.5,3.23,100355.12,2020-03-24 15:02:36.074044
48,Yes Bank,Bank - Private,35.15,-4.6,-11.57,44114.91,2020-03-24 15:02:36.074044
49,Zee Entertain,TV Broadcasting & Software Production,119.3,-2.7,-2.21,11458.56,2020-03-24 15:02:36.074044
0,Adani Ports,Transport Infrastructure,230.75,22.95,11.04,46882.67,2020-03-24 15:03:37.435325
1,Asian Paints,Paints,1513.0,14.55,0.97,145126.63,2020-03-24 15:03:37.435325
2,Axis Bank,Bank - Private,303.05,-5.6,-1.81,85503.78,2020-03-24 15:03:37.435325
3,Bajaj Auto,Automobile - 2 & 3 Wheelers,1924.1,-11.45,-0.59,55677.11,2020-03-24 15:03:37.435325
4,Bajaj Finance,Finance - NBFC,2433.5,167.35,7.38,146421.03,2020-03-24 15:03:37.435325
5,Bajaj Finserv,Finance - Investment,4328.85,-292.2,-6.32,68888.15,2020-03-24 15:03:37.435325
6,Bharti Airtel,Telecommunication - Service Provider,403.55,-3.8,-0.93,220159.02,2020-03-24 15:03:37.435325
7,Bharti Infratel,Telecommunication - Equipment,140.15,-3.25,-2.27,25922.26,2020-03-24 15:03:37.435325
8,BPCL,Refineries,258.4,-10.95,-4.07,56053.49,2020-03-24 15:03:37.435325
9,Britannia,Consumer Food,2352.9,215.05,10.06,56579.79,2020-03-24 15:03:37.435325
10,Cipla,Pharmaceuticals & Drugs,373.1,-2.15,-0.57,30080.64,2020-03-24 15:03:37.435325
11,Coal India,Coal,127.75,-0.1,-0.08,78728.85,2020-03-24 15:03:37.435325
12,Dr Reddys Labs,Pharmaceuticals & Drugs,2872.4,104.0,3.76,47731.27,2020-03-24 15:03:37.435325
13,Eicher Motors,Automobile - LCVS/ HVCS,14339.9,634.0,4.63,39155.78,2020-03-24 15:03:37.435325
14,GAIL,Gas Distribution,76.45,-1.55,-1.99,34774.62,2020-03-24 15:03:37.435325
15,Grasim,Diversified,402.2,-31.05,-7.17,26456.67,2020-03-24 15:03:37.435325
16,HCL Tech,IT Services & Consulting,440.3,23.15,5.55,119482.67,2020-03-24 15:03:37.435325
17,HDFC,Finance - Housing,1521.2,0.5,0.03,263468.37,2020-03-24 15:03:37.435325
18,HDFC Bank,Bank - Private,758.2,-13.35,-1.73,415742.78,2020-03-24 15:03:37.435325
19,Hero Motocorp,Automobile - 2 & 3 Wheelers,1628.55,12.55,0.78,32528.55,2020-03-24 15:03:37.435325
20,Hindalco,Iron & Steel,88.45,0.55,0.63,19867.84,2020-03-24 15:03:37.435325
21,HUL,Household & Personal Products,2037.25,167.55,8.96,441028.17,2020-03-24 15:03:37.435325
22,ICICI Bank,Bank - Private,299.85,15.85,5.58,194077.59,2020-03-24 15:03:37.435325
23,IndusInd Bank,Bank - Private,307.85,-28.6,-8.5,21350.5,2020-03-24 15:03:37.435325
24,Infosys,IT Services & Consulting,584.1,57.65,10.95,248756.34,2020-03-24 15:03:37.435325
25,IOC,Refineries,79.55,-1.2,-1.49,74889.63,2020-03-24 15:03:37.435325
26,ITC,Cigarettes/Tobacco,148.1,-6.2,-4.02,182047.94,2020-03-24 15:03:37.435325
27,JSW Steel,Iron & Steel,146.85,2.45,1.7,35496.88,2020-03-24 15:03:37.435325
28,Kotak Mahindra,Bank - Private,1134.4,36.15,3.29,216950.2,2020-03-24 15:03:37.435325
29,Larsen,Engineering & Construction,700.2,-23.85,-3.29,98300.52,2020-03-24 15:03:37.435325
30,M&M,Automobile - Auto & Truck Manufacturers,265.0,-28.4,-9.68,32944.6,2020-03-24 15:03:37.435325
31,Maruti Suzuki,Automobile - Passenger Cars,4447.35,227.0,5.38,134345.58,2020-03-24 15:03:37.435325
32,Nestle,Consumer Food,13450.0,505.35,3.9,129679.14,2020-03-24 15:03:37.435325
33,NTPC,Power Generation/Distribution,76.4,0.0,0.0,75594.42,2020-03-24 15:03:37.435325
34,ONGC,Oil Exploration and Production,62.5,2.1,3.48,78626.75,2020-03-24 15:03:37.435325
35,Power Grid Corp,Power Generation/Distribution,146.2,-6.8,-4.44,76485.84,2020-03-24 15:03:37.435325
36,Reliance,Oil Exploration and Production,944.85,60.8,6.88,598965.69,2020-03-24 15:03:37.435325
37,SBI,Bank - Public,182.55,0.95,0.52,162918.78,2020-03-24 15:03:37.435325
38,Sun Pharma,Pharmaceuticals & Drugs,336.85,12.35,3.81,80821.6,2020-03-24 15:03:37.435325
39,Tata Motors,Automobile - LCVS/ HVCS,68.2,2.0,3.02,21066.79,2020-03-24 15:03:37.435325
40,Tata Steel,Iron & Steel,272.75,1.6,0.59,30725.01,2020-03-24 15:03:37.435325
41,TCS,IT Services & Consulting,1701.35,31.65,1.9,638411.97,2020-03-24 15:03:37.435325
42,Tech Mahindra,IT Services & Consulting,502.8,15.6,3.2,49592.61,2020-03-24 15:03:37.435325
43,Titan Company,Diamond  &  Jewellery,813.0,12.05,1.5,72177.01,2020-03-24 15:03:37.435325
44,UltraTechCement,Cement,2996.9,-57.95,-1.9,86497.57,2020-03-24 15:03:37.435325
45,UPL,Pesticides & Agrochemicals,263.9,9.3,3.65,20163.16,2020-03-24 15:03:37.435325
46,Vedanta,Metals - Non Ferrous,62.9,0.25,0.4,23381.17,2020-03-24 15:03:37.435325
47,Wipro,IT Services & Consulting,176.3,6.15,3.61,100726.49,2020-03-24 15:03:37.435325
48,Yes Bank,Bank - Private,35.2,-4.55,-11.45,44177.66,2020-03-24 15:03:37.435325
49,Zee Entertain,TV Broadcasting & Software Production,118.65,-3.35,-2.75,11396.13,2020-03-24 15:03:37.435325
0,Adani Ports,Transport Infrastructure,230.45,22.65,10.9,46821.72,2020-03-24 15:04:38.816881
1,Asian Paints,Paints,1514.5,16.05,1.07,145270.51,2020-03-24 15:04:38.816881
2,Axis Bank,Bank - Private,300.75,-7.9,-2.56,84854.85,2020-03-24 15:04:38.816881
3,Bajaj Auto,Automobile - 2 & 3 Wheelers,1916.45,-19.1,-0.99,55455.74,2020-03-24 15:04:38.816881
4,Bajaj Finance,Finance - NBFC,2418.95,152.8,6.74,145545.58,2020-03-24 15:04:38.816881
5,Bajaj Finserv,Finance - Investment,4310.2,-310.85,-6.73,68591.35,2020-03-24 15:04:38.816881
6,Bharti Airtel,Telecommunication - Service Provider,403.8,-3.55,-0.87,220295.41,2020-03-24 15:04:38.816881
7,Bharti Infratel,Telecommunication - Equipment,140.45,-2.95,-2.06,25977.75,2020-03-24 15:04:38.816881
8,BPCL,Refineries,258.0,-11.35,-4.21,55966.72,2020-03-24 15:04:38.816881
9,Britannia,Consumer Food,2346.75,208.9,9.77,56431.9,2020-03-24 15:04:38.816881
10,Cipla,Pharmaceuticals & Drugs,373.25,-2.0,-0.53,30092.73,2020-03-24 15:04:38.816881
11,Coal India,Coal,127.55,-0.3,-0.23,78605.6,2020-03-24 15:04:38.816881
12,Dr Reddys Labs,Pharmaceuticals & Drugs,2852.15,83.75,3.03,47394.77,2020-03-24 15:04:38.816881
13,Eicher Motors,Automobile - LCVS/ HVCS,14330.25,624.35,4.56,39129.43,2020-03-24 15:04:38.816881
14,GAIL,Gas Distribution,76.2,-1.8,-2.31,34660.9,2020-03-24 15:04:38.816881
15,Grasim,Diversified,399.75,-33.5,-7.73,26295.51,2020-03-24 15:04:38.816881
16,HCL Tech,IT Services & Consulting,438.55,21.4,5.13,119007.78,2020-03-24 15:04:38.816881
17,HDFC,Finance - Housing,1505.85,-14.85,-0.98,260809.78,2020-03-24 15:04:38.816881
18,HDFC Bank,Bank - Private,755.65,-15.9,-2.06,414344.54,2020-03-24 15:04:38.816881
19,Hero Motocorp,Automobile - 2 & 3 Wheelers,1626.85,10.85,0.67,32494.6,2020-03-24 15:04:38.816881
20,Hindalco,Iron & Steel,88.25,0.35,0.4,19822.92,2020-03-24 15:04:38.816881
21,HUL,Household & Personal Products,2033.0,163.3,8.73,440108.12,2020-03-24 15:04:38.816881
22,ICICI Bank,Bank - Private,298.7,14.7,5.18,193333.25,2020-03-24 15:04:38.816881
23,IndusInd Bank,Bank - Private,306.7,-29.75,-8.84,21270.74,2020-03-24 15:04:38.816881
24,Infosys,IT Services & Consulting,585.25,58.8,11.17,249246.1,2020-03-24 15:04:38.816881
25,IOC,Refineries,79.55,-1.2,-1.49,74889.63,2020-03-24 15:04:38.816881
26,ITC,Cigarettes/Tobacco,148.05,-6.25,-4.05,181986.48,2020-03-24 15:04:38.816881
27,JSW Steel,Iron & Steel,147.75,3.35,2.32,35714.43,2020-03-24 15:04:38.816881
28,Kotak Mahindra,Bank - Private,1137.85,39.6,3.61,217610.0,2020-03-24 15:04:38.816881
29,Larsen,Engineering & Construction,701.0,-23.05,-3.18,98412.83,2020-03-24 15:04:38.816881
30,M&M,Automobile - Auto & Truck Manufacturers,264.75,-28.65,-9.76,32913.52,2020-03-24 15:04:38.816881
31,Maruti Suzuki,Automobile - Passenger Cars,4443.0,222.65,5.28,134214.17,2020-03-24 15:04:38.816881
32,Nestle,Consumer Food,13467.45,522.8,4.04,129847.38,2020-03-24 15:04:38.816881
33,NTPC,Power Generation/Distribution,76.55,0.15,0.2,75742.84,2020-03-24 15:04:38.816881
34,ONGC,Oil Exploration and Production,62.4,2.0,3.31,78500.94,2020-03-24 15:04:38.816881
35,Power Grid Corp,Power Generation/Distribution,146.4,-6.6,-4.31,76590.47,2020-03-24 15:04:38.816881
36,Reliance,Oil Exploration and Production,940.45,56.4,6.38,596176.41,2020-03-24 15:04:38.816881
37,SBI,Bank - Public,182.0,0.4,0.22,162427.93,2020-03-24 15:04:38.816881
38,Sun Pharma,Pharmaceuticals & Drugs,334.05,9.55,2.94,80149.78,2020-03-24 15:04:38.816881
39,Tata Motors,Automobile - LCVS/ HVCS,68.1,1.9,2.87,21035.9,2020-03-24 15:04:38.816881
40,Tata Steel,Iron & Steel,271.0,-0.15,-0.06,30527.87,2020-03-24 15:04:38.816881
41,TCS,IT Services & Consulting,1701.0,31.3,1.87,638280.64,2020-03-24 15:04:38.816881
42,Tech Mahindra,IT Services & Consulting,503.5,16.3,3.35,49661.65,2020-03-24 15:04:38.816881
43,Titan Company,Diamond  &  Jewellery,813.6,12.65,1.58,72230.28,2020-03-24 15:04:38.816881
44,UltraTechCement,Cement,2989.1,-65.75,-2.15,86272.44,2020-03-24 15:04:38.816881
45,UPL,Pesticides & Agrochemicals,263.35,8.75,3.44,20121.14,2020-03-24 15:04:38.816881
46,Vedanta,Metals - Non Ferrous,62.8,0.15,0.24,23343.99,2020-03-24 15:04:38.816881
47,Wipro,IT Services & Consulting,176.1,5.95,3.5,100612.22,2020-03-24 15:04:38.816881
48,Yes Bank,Bank - Private,35.0,-4.75,-11.95,43926.65,2020-03-24 15:04:38.816881
49,Zee Entertain,TV Broadcasting & Software Production,118.5,-3.5,-2.87,11381.73,2020-03-24 15:04:38.816881
0,Adani Ports,Transport Infrastructure,230.35,22.55,10.85,46801.4,2020-03-24 15:05:39.209829
1,Asian Paints,Paints,1514.95,16.5,1.1,145313.67,2020-03-24 15:05:39.209829
2,Axis Bank,Bank - Private,301.8,-6.85,-2.22,85151.1,2020-03-24 15:05:39.209829
3,Bajaj Auto,Automobile - 2 & 3 Wheelers,1915.85,-19.7,-1.02,55438.38,2020-03-24 15:05:39.209829
4,Bajaj Finance,Finance - NBFC,2420.55,154.4,6.81,145641.85,2020-03-24 15:05:39.209829
5,Bajaj Finserv,Finance - Investment,4347.0,-274.05,-5.93,69176.98,2020-03-24 15:05:39.209829
6,Bharti Airtel,Telecommunication - Service Provider,404.1,-3.25,-0.8,220459.07,2020-03-24 15:05:39.209829
7,Bharti Infratel,Telecommunication - Equipment,141.2,-2.2,-1.53,26116.47,2020-03-24 15:05:39.209829
8,BPCL,Refineries,259.0,-10.35,-3.84,56183.65,2020-03-24 15:05:39.209829
9,Britannia,Consumer Food,2341.8,203.95,9.54,56312.87,2020-03-24 15:05:39.209829
10,Cipla,Pharmaceuticals & Drugs,373.4,-1.85,-0.49,30104.83,2020-03-24 15:05:39.209829
11,Coal India,Coal,127.1,-0.75,-0.59,78328.28,2020-03-24 15:05:39.209829
12,Dr Reddys Labs,Pharmaceuticals & Drugs,2855.0,86.6,3.13,47442.13,2020-03-24 15:05:39.209829
13,Eicher Motors,Automobile - LCVS/ HVCS,14348.2,642.3,4.69,39178.44,2020-03-24 15:05:39.209829
14,GAIL,Gas Distribution,76.2,-1.8,-2.31,34660.9,2020-03-24 15:05:39.209829
15,Grasim,Diversified,397.8,-35.45,-8.18,26167.24,2020-03-24 15:05:39.209829
16,HCL Tech,IT Services & Consulting,439.2,22.05,5.29,119184.17,2020-03-24 15:05:39.209829
17,HDFC,Finance - Housing,1515.0,-5.7,-0.37,262394.54,2020-03-24 15:05:39.209829
18,HDFC Bank,Bank - Private,753.7,-17.85,-2.31,413275.3,2020-03-24 15:05:39.209829
19,Hero Motocorp,Automobile - 2 & 3 Wheelers,1628.3,12.3,0.76,32523.56,2020-03-24 15:05:39.209829
20,Hindalco,Iron & Steel,88.5,0.6,0.68,19879.07,2020-03-24 15:05:39.209829
21,HUL,Household & Personal Products,2037.8,168.1,8.99,441147.24,2020-03-24 15:05:39.209829
22,ICICI Bank,Bank - Private,297.2,13.2,4.65,192362.38,2020-03-24 15:05:39.209829
23,IndusInd Bank,Bank - Private,306.0,-30.45,-9.05,21222.19,2020-03-24 15:05:39.209829
24,Infosys,IT Services & Consulting,582.8,56.35,10.7,248202.7,2020-03-24 15:05:39.209829
25,IOC,Refineries,79.65,-1.1,-1.36,74983.78,2020-03-24 15:05:39.209829
26,ITC,Cigarettes/Tobacco,147.9,-6.4,-4.15,181802.1,2020-03-24 15:05:39.209829
27,JSW Steel,Iron & Steel,147.4,3.0,2.08,35629.83,2020-03-24 15:05:39.209829
28,Kotak Mahindra,Bank - Private,1139.9,41.65,3.79,218002.05,2020-03-24 15:05:39.209829
29,Larsen,Engineering & Construction,701.0,-23.05,-3.18,98412.83,2020-03-24 15:05:39.209829
30,M&M,Automobile - Auto & Truck Manufacturers,266.7,-26.7,-9.1,33155.95,2020-03-24 15:05:39.209829
31,Maruti Suzuki,Automobile - Passenger Cars,4439.05,218.7,5.18,134094.85,2020-03-24 15:05:39.209829
32,Nestle,Consumer Food,13489.35,544.7,4.21,130058.53,2020-03-24 15:05:39.209829
33,NTPC,Power Generation/Distribution,76.4,0.0,0.0,75594.42,2020-03-24 15:05:39.209829
34,ONGC,Oil Exploration and Production,62.2,1.8,2.98,78249.34,2020-03-24 15:05:39.209829
35,Power Grid Corp,Power Generation/Distribution,145.9,-7.1,-4.64,76328.89,2020-03-24 15:05:39.209829
36,Reliance,Oil Exploration and Production,939.05,55.0,6.22,595288.92,2020-03-24 15:05:39.209829
37,SBI,Bank - Public,180.7,-0.9,-0.5,161267.73,2020-03-24 15:05:39.209829
38,Sun Pharma,Pharmaceuticals & Drugs,334.0,9.5,2.93,80137.79,2020-03-24 15:05:39.209829
39,Tata Motors,Automobile - LCVS/ HVCS,68.15,1.95,2.95,21051.34,2020-03-24 15:05:39.209829
40,Tata Steel,Iron & Steel,271.25,0.1,0.04,30556.03,2020-03-24 15:05:39.209829
41,TCS,IT Services & Consulting,1700.95,31.25,1.87,638261.88,2020-03-24 15:05:39.209829
42,Tech Mahindra,IT Services & Consulting,501.35,14.15,2.9,49449.59,2020-03-24 15:05:39.209829
43,Titan Company,Diamond  &  Jewellery,810.95,10.0,1.25,71995.02,2020-03-24 15:05:39.209829
44,UltraTechCement,Cement,2975.7,-79.15,-2.59,85885.69,2020-03-24 15:05:39.209829
45,UPL,Pesticides & Agrochemicals,263.45,8.85,3.48,20128.78,2020-03-24 15:05:39.209829
46,Vedanta,Metals - Non Ferrous,62.85,0.2,0.32,23362.58,2020-03-24 15:05:39.209829
47,Wipro,IT Services & Consulting,176.2,6.05,3.56,100669.36,2020-03-24 15:05:39.209829
48,Yes Bank,Bank - Private,35.0,-4.75,-11.95,43926.65,2020-03-24 15:05:39.209829
49,Zee Entertain,TV Broadcasting & Software Production,118.4,-3.6,-2.95,11372.12,2020-03-24 15:05:39.209829
0,Adani Ports,Transport Infrastructure,230.35,22.55,10.85,46801.4,2020-03-24 15:06:41.097260
1,Asian Paints,Paints,1516.2,17.75,1.18,145433.57,2020-03-24 15:06:41.097260
2,Axis Bank,Bank - Private,300.25,-8.4,-2.72,84713.78,2020-03-24 15:06:41.097260
3,Bajaj Auto,Automobile - 2 & 3 Wheelers,1925.85,-9.7,-0.5,55727.75,2020-03-24 15:06:41.097260
4,Bajaj Finance,Finance - NBFC,2421.4,155.25,6.85,145692.99,2020-03-24 15:06:41.097260
5,Bajaj Finserv,Finance - Investment,4328.45,-292.6,-6.33,68881.78,2020-03-24 15:06:41.097260
6,Bharti Airtel,Telecommunication - Service Provider,404.85,-2.5,-0.61,220868.24,2020-03-24 15:06:41.097260
7,Bharti Infratel,Telecommunication - Equipment,143.2,-0.2,-0.14,26486.39,2020-03-24 15:06:41.097260
8,BPCL,Refineries,258.55,-10.8,-4.01,56086.03,2020-03-24 15:06:41.097260
9,Britannia,Consumer Food,2334.75,196.9,9.21,56143.34,2020-03-24 15:06:41.097260
10,Cipla,Pharmaceuticals & Drugs,374.2,-1.05,-0.28,30169.33,2020-03-24 15:06:41.097260
11,Coal India,Coal,127.35,-0.5,-0.39,78482.35,2020-03-24 15:06:41.097260
12,Dr Reddys Labs,Pharmaceuticals & Drugs,2855.5,87.1,3.15,47450.44,2020-03-24 15:06:41.097260
13,Eicher Motors,Automobile - LCVS/ HVCS,14272.1,566.2,4.13,38970.64,2020-03-24 15:06:41.097260
14,GAIL,Gas Distribution,76.5,-1.5,-1.92,34797.36,2020-03-24 15:06:41.097260
15,Grasim,Diversified,398.3,-34.95,-8.07,26200.13,2020-03-24 15:06:41.097260
16,HCL Tech,IT Services & Consulting,438.9,21.75,5.21,119102.76,2020-03-24 15:06:41.097260
17,HDFC,Finance - Housing,1514.05,-6.65,-0.44,262230.0,2020-03-24 15:06:41.097260
18,HDFC Bank,Bank - Private,755.9,-15.65,-2.03,414481.62,2020-03-24 15:06:41.097260
19,Hero Motocorp,Automobile - 2 & 3 Wheelers,1619.8,3.8,0.24,32353.78,2020-03-24 15:06:41.097260
20,Hindalco,Iron & Steel,88.55,0.65,0.74,19890.3,2020-03-24 15:06:41.097260
21,HUL,Household & Personal Products,2038.5,168.8,9.03,441298.77,2020-03-24 15:06:41.097260
22,ICICI Bank,Bank - Private,296.0,12.0,4.23,191585.68,2020-03-24 15:06:41.097260
23,IndusInd Bank,Bank - Private,305.3,-31.15,-9.26,21173.65,2020-03-24 15:06:41.097260
24,Infosys,IT Services & Consulting,582.0,55.55,10.55,247861.99,2020-03-24 15:06:41.097260
25,IOC,Refineries,79.6,-1.15,-1.42,74936.71,2020-03-24 15:06:41.097260
26,ITC,Cigarettes/Tobacco,147.75,-6.55,-4.24,181617.72,2020-03-24 15:06:41.097260
27,JSW Steel,Iron & Steel,147.5,3.1,2.15,35654.0,2020-03-24 15:06:41.097260
28,Kotak Mahindra,Bank - Private,1146.7,48.45,4.41,219302.53,2020-03-24 15:06:41.097260
29,Larsen,Engineering & Construction,701.45,-22.6,-3.12,98476.01,2020-03-24 15:06:41.097260
30,M&M,Automobile - Auto & Truck Manufacturers,268.2,-25.2,-8.59,33342.42,2020-03-24 15:06:41.097260
31,Maruti Suzuki,Automobile - Passenger Cars,4456.8,236.45,5.6,134631.04,2020-03-24 15:06:41.097260
32,Nestle,Consumer Food,13494.05,549.4,4.24,130103.85,2020-03-24 15:06:41.097260
33,NTPC,Power Generation/Distribution,76.55,0.15,0.2,75742.84,2020-03-24 15:06:41.097260
34,ONGC,Oil Exploration and Production,62.45,2.05,3.39,78563.84,2020-03-24 15:06:41.097260
35,Power Grid Corp,Power Generation/Distribution,145.5,-7.5,-4.9,76119.63,2020-03-24 15:06:41.097260
36,Reliance,Oil Exploration and Production,939.2,55.15,6.24,595384.0,2020-03-24 15:06:41.097260
37,SBI,Bank - Public,181.0,-0.6,-0.33,161535.47,2020-03-24 15:06:41.097260
38,Sun Pharma,Pharmaceuticals & Drugs,334.55,10.05,3.1,80269.75,2020-03-24 15:06:41.097260
39,Tata Motors,Automobile - LCVS/ HVCS,68.0,1.8,2.72,21005.01,2020-03-24 15:06:41.097260
40,Tata Steel,Iron & Steel,271.7,0.55,0.2,30606.72,2020-03-24 15:06:41.097260
41,TCS,IT Services & Consulting,1695.5,25.8,1.55,636216.83,2020-03-24 15:06:41.097260
42,Tech Mahindra,IT Services & Consulting,502.85,15.65,3.21,49597.54,2020-03-24 15:06:41.097260
43,Titan Company,Diamond  &  Jewellery,816.55,15.6,1.95,72492.18,2020-03-24 15:06:41.097260
44,UltraTechCement,Cement,2987.15,-67.7,-2.22,86216.16,2020-03-24 15:06:41.097260
45,UPL,Pesticides & Agrochemicals,264.35,9.75,3.83,20197.54,2020-03-24 15:06:41.097260
46,Vedanta,Metals - Non Ferrous,62.7,0.05,0.08,23306.82,2020-03-24 15:06:41.097260
47,Wipro,IT Services & Consulting,175.6,5.45,3.2,100326.56,2020-03-24 15:06:41.097260
48,Yes Bank,Bank - Private,35.0,-4.75,-11.95,43926.65,2020-03-24 15:06:41.097260
49,Zee Entertain,TV Broadcasting & Software Production,118.4,-3.6,-2.95,11372.12,2020-03-24 15:06:41.097260
0,Adani Ports,Transport Infrastructure,230.35,22.55,10.85,46801.4,2020-03-24 15:07:41.486425
1,Asian Paints,Paints,1516.2,17.75,1.18,145433.57,2020-03-24 15:07:41.486425
2,Axis Bank,Bank - Private,300.25,-8.4,-2.72,84713.78,2020-03-24 15:07:41.486425
3,Bajaj Auto,Automobile - 2 & 3 Wheelers,1925.85,-9.7,-0.5,55727.75,2020-03-24 15:07:41.486425
4,Bajaj Finance,Finance - NBFC,2421.4,155.25,6.85,145692.99,2020-03-24 15:07:41.486425
5,Bajaj Finserv,Finance - Investment,4328.45,-292.6,-6.33,68881.78,2020-03-24 15:07:41.486425
6,Bharti Airtel,Telecommunication - Service Provider,404.85,-2.5,-0.61,220868.24,2020-03-24 15:07:41.486425
7,Bharti Infratel,Telecommunication - Equipment,143.2,-0.2,-0.14,26486.39,2020-03-24 15:07:41.486425
8,BPCL,Refineries,258.55,-10.8,-4.01,56086.03,2020-03-24 15:07:41.486425
9,Britannia,Consumer Food,2334.75,196.9,9.21,56143.34,2020-03-24 15:07:41.486425
10,Cipla,Pharmaceuticals & Drugs,374.2,-1.05,-0.28,30169.33,2020-03-24 15:07:41.486425
11,Coal India,Coal,127.35,-0.5,-0.39,78482.35,2020-03-24 15:07:41.486425
12,Dr Reddys Labs,Pharmaceuticals & Drugs,2855.5,87.1,3.15,47450.44,2020-03-24 15:07:41.486425
13,Eicher Motors,Automobile - LCVS/ HVCS,14272.1,566.2,4.13,38970.64,2020-03-24 15:07:41.486425
14,GAIL,Gas Distribution,76.5,-1.5,-1.92,34797.36,2020-03-24 15:07:41.486425
15,Grasim,Diversified,398.3,-34.95,-8.07,26200.13,2020-03-24 15:07:41.486425
16,HCL Tech,IT Services & Consulting,438.9,21.75,5.21,119102.76,2020-03-24 15:07:41.486425
17,HDFC,Finance - Housing,1514.05,-6.65,-0.44,262230.0,2020-03-24 15:07:41.486425
18,HDFC Bank,Bank - Private,755.9,-15.65,-2.03,414481.62,2020-03-24 15:07:41.486425
19,Hero Motocorp,Automobile - 2 & 3 Wheelers,1619.8,3.8,0.24,32353.78,2020-03-24 15:07:41.486425
20,Hindalco,Iron & Steel,88.55,0.65,0.74,19890.3,2020-03-24 15:07:41.486425
21,HUL,Household & Personal Products,2038.5,168.8,9.03,441298.77,2020-03-24 15:07:41.486425
22,ICICI Bank,Bank - Private,296.0,12.0,4.23,191585.68,2020-03-24 15:07:41.486425
23,IndusInd Bank,Bank - Private,305.3,-31.15,-9.26,21173.65,2020-03-24 15:07:41.486425
24,Infosys,IT Services & Consulting,582.0,55.55,10.55,247861.99,2020-03-24 15:07:41.486425
25,IOC,Refineries,79.6,-1.15,-1.42,74936.71,2020-03-24 15:07:41.486425
26,ITC,Cigarettes/Tobacco,147.75,-6.55,-4.24,181617.72,2020-03-24 15:07:41.486425
27,JSW Steel,Iron & Steel,147.5,3.1,2.15,35654.0,2020-03-24 15:07:41.486425
28,Kotak Mahindra,Bank - Private,1146.7,48.45,4.41,219302.53,2020-03-24 15:07:41.486425
29,Larsen,Engineering & Construction,701.45,-22.6,-3.12,98476.01,2020-03-24 15:07:41.486425
30,M&M,Automobile - Auto & Truck Manufacturers,268.2,-25.2,-8.59,33342.42,2020-03-24 15:07:41.486425
31,Maruti Suzuki,Automobile - Passenger Cars,4456.8,236.45,5.6,134631.04,2020-03-24 15:07:41.486425
32,Nestle,Consumer Food,13494.05,549.4,4.24,130103.85,2020-03-24 15:07:41.486425
33,NTPC,Power Generation/Distribution,76.55,0.15,0.2,75742.84,2020-03-24 15:07:41.486425
34,ONGC,Oil Exploration and Production,62.45,2.05,3.39,78563.84,2020-03-24 15:07:41.486425
35,Power Grid Corp,Power Generation/Distribution,145.5,-7.5,-4.9,76119.63,2020-03-24 15:07:41.486425
36,Reliance,Oil Exploration and Production,939.2,55.15,6.24,595384.0,2020-03-24 15:07:41.486425
37,SBI,Bank - Public,181.0,-0.6,-0.33,161535.47,2020-03-24 15:07:41.486425
38,Sun Pharma,Pharmaceuticals & Drugs,334.55,10.05,3.1,80269.75,2020-03-24 15:07:41.486425
39,Tata Motors,Automobile - LCVS/ HVCS,68.0,1.8,2.72,21005.01,2020-03-24 15:07:41.486425
40,Tata Steel,Iron & Steel,271.7,0.55,0.2,30606.72,2020-03-24 15:07:41.486425
41,TCS,IT Services & Consulting,1695.5,25.8,1.55,636216.83,2020-03-24 15:07:41.486425
42,Tech Mahindra,IT Services & Consulting,502.85,15.65,3.21,49597.54,2020-03-24 15:07:41.486425
43,Titan Company,Diamond  &  Jewellery,816.55,15.6,1.95,72492.18,2020-03-24 15:07:41.486425
44,UltraTechCement,Cement,2987.15,-67.7,-2.22,86216.16,2020-03-24 15:07:41.486425
45,UPL,Pesticides & Agrochemicals,264.35,9.75,3.83,20197.54,2020-03-24 15:07:41.486425
46,Vedanta,Metals - Non Ferrous,62.7,0.05,0.08,23306.82,2020-03-24 15:07:41.486425
47,Wipro,IT Services & Consulting,175.6,5.45,3.2,100326.56,2020-03-24 15:07:41.486425
48,Yes Bank,Bank - Private,35.0,-4.75,-11.95,43926.65,2020-03-24 15:07:41.486425
49,Zee Entertain,TV Broadcasting & Software Production,118.4,-3.6,-2.95,11372.12,2020-03-24 15:07:41.486425
0,Adani Ports,Transport Infrastructure,230.5,22.7,10.92,46831.88,2020-03-24 15:08:41.827910
1,Asian Paints,Paints,1511.0,12.55,0.84,144934.79,2020-03-24 15:08:41.827910
2,Axis Bank,Bank - Private,301.35,-7.3,-2.37,85024.14,2020-03-24 15:08:41.827910
3,Bajaj Auto,Automobile - 2 & 3 Wheelers,1914.4,-21.15,-1.09,55396.42,2020-03-24 15:08:41.827910
4,Bajaj Finance,Finance - NBFC,2441.95,175.8,7.76,146929.46,2020-03-24 15:08:41.827910
5,Bajaj Finserv,Finance - Investment,4355.0,-266.05,-5.76,69304.29,2020-03-24 15:08:41.827910
6,Bharti Airtel,Telecommunication - Service Provider,403.0,-4.35,-1.07,219858.96,2020-03-24 15:08:41.827910
7,Bharti Infratel,Telecommunication - Equipment,143.3,-0.1,-0.07,26504.89,2020-03-24 15:08:41.827910
8,BPCL,Refineries,257.8,-11.55,-4.29,55923.34,2020-03-24 15:08:41.827910
9,Britannia,Consumer Food,2325.7,187.85,8.79,55925.71,2020-03-24 15:08:41.827910
10,Cipla,Pharmaceuticals & Drugs,380.1,4.85,1.29,30645.0,2020-03-24 15:08:41.827910
11,Coal India,Coal,128.0,0.15,0.12,78882.92,2020-03-24 15:08:41.827910
12,Dr Reddys Labs,Pharmaceuticals & Drugs,2856.45,88.05,3.18,47466.22,2020-03-24 15:08:41.827910
13,Eicher Motors,Automobile - LCVS/ HVCS,14315.0,609.1,4.44,39087.78,2020-03-24 15:08:41.827910
14,GAIL,Gas Distribution,76.45,-1.55,-1.99,34774.62,2020-03-24 15:08:41.827910
15,Grasim,Diversified,398.65,-34.6,-7.99,26223.15,2020-03-24 15:08:41.827910
16,HCL Tech,IT Services & Consulting,439.7,22.55,5.41,119319.85,2020-03-24 15:08:41.827910
17,HDFC,Finance - Housing,1504.2,-16.5,-1.09,260524.01,2020-03-24 15:08:41.827910
18,HDFC Bank,Bank - Private,762.65,-8.9,-1.15,418182.84,2020-03-24 15:08:41.827910
19,Hero Motocorp,Automobile - 2 & 3 Wheelers,1617.95,1.95,0.12,32316.83,2020-03-24 15:08:41.827910
20,Hindalco,Iron & Steel,88.6,0.7,0.8,19901.53,2020-03-24 15:08:41.827910
21,HUL,Household & Personal Products,2037.3,167.6,8.96,441038.99,2020-03-24 15:08:41.827910
22,ICICI Bank,Bank - Private,294.05,10.05,3.54,190323.54,2020-03-24 15:08:41.827910
23,IndusInd Bank,Bank - Private,305.95,-30.5,-9.07,21218.73,2020-03-24 15:08:41.827910
24,Infosys,IT Services & Consulting,582.45,56.0,10.64,248053.64,2020-03-24 15:08:41.827910
25,IOC,Refineries,79.7,-1.05,-1.3,75030.85,2020-03-24 15:08:41.827910
26,ITC,Cigarettes/Tobacco,148.15,-6.15,-3.99,182109.41,2020-03-24 15:08:41.827910
27,JSW Steel,Iron & Steel,147.1,2.7,1.87,35557.31,2020-03-24 15:08:41.827910
28,Kotak Mahindra,Bank - Private,1147.5,49.25,4.48,219455.53,2020-03-24 15:08:41.827910
29,Larsen,Engineering & Construction,703.3,-20.75,-2.87,98735.73,2020-03-24 15:08:41.827910
30,M&M,Automobile - Auto & Truck Manufacturers,269.55,-23.85,-8.13,33510.26,2020-03-24 15:08:41.827910
31,Maruti Suzuki,Automobile - Passenger Cars,4460.95,240.6,5.7,134756.4,2020-03-24 15:08:41.827910
32,Nestle,Consumer Food,13581.95,637.3,4.92,130951.34,2020-03-24 15:08:41.827910
33,NTPC,Power Generation/Distribution,76.95,0.55,0.72,76138.62,2020-03-24 15:08:41.827910
34,ONGC,Oil Exploration and Production,62.4,2.0,3.31,78500.94,2020-03-24 15:08:41.827910
35,Power Grid Corp,Power Generation/Distribution,146.1,-6.9,-4.51,76433.52,2020-03-24 15:08:41.827910
36,Reliance,Oil Exploration and Production,944.2,60.15,6.8,598553.64,2020-03-24 15:08:41.827910
37,SBI,Bank - Public,181.7,0.1,0.06,162160.19,2020-03-24 15:08:41.827910
38,Sun Pharma,Pharmaceuticals & Drugs,335.0,10.5,3.24,80377.72,2020-03-24 15:08:41.827910
39,Tata Motors,Automobile - LCVS/ HVCS,68.15,1.95,2.95,21051.34,2020-03-24 15:08:41.827910
40,Tata Steel,Iron & Steel,271.25,0.1,0.04,30556.03,2020-03-24 15:08:41.827910
41,TCS,IT Services & Consulting,1696.65,26.95,1.61,636648.35,2020-03-24 15:08:41.827910
42,Tech Mahindra,IT Services & Consulting,507.0,19.8,4.06,50006.87,2020-03-24 15:08:41.827910
43,Titan Company,Diamond  &  Jewellery,815.0,14.05,1.75,72354.57,2020-03-24 15:08:41.827910
44,UltraTechCement,Cement,2996.75,-58.1,-1.9,86493.24,2020-03-24 15:08:41.827910
45,UPL,Pesticides & Agrochemicals,264.05,9.45,3.71,20174.62,2020-03-24 15:08:41.827910
46,Vedanta,Metals - Non Ferrous,62.65,0.0,0.0,23288.24,2020-03-24 15:08:41.827910
47,Wipro,IT Services & Consulting,176.0,5.85,3.44,100555.09,2020-03-24 15:08:41.827910
48,Yes Bank,Bank - Private,34.95,-4.8,-12.08,43863.9,2020-03-24 15:08:41.827910
49,Zee Entertain,TV Broadcasting & Software Production,119.0,-3.0,-2.46,11429.75,2020-03-24 15:08:41.827910
0,Adani Ports,Transport Infrastructure,230.4,22.6,10.88,46811.56,2020-03-24 15:09:43.048637
1,Asian Paints,Paints,1523.85,25.4,1.7,146167.36,2020-03-24 15:09:43.048637
2,Axis Bank,Bank - Private,303.35,-5.3,-1.72,85588.43,2020-03-24 15:09:43.048637
3,Bajaj Auto,Automobile - 2 & 3 Wheelers,1923.25,-12.3,-0.64,55652.51,2020-03-24 15:09:43.048637
4,Bajaj Finance,Finance - NBFC,2485.0,218.85,9.66,149519.73,2020-03-24 15:09:43.048637
5,Bajaj Finserv,Finance - Investment,4435.0,-186.05,-4.03,70577.39,2020-03-24 15:09:43.048637
6,Bharti Airtel,Telecommunication - Service Provider,402.3,-5.05,-1.24,219477.07,2020-03-24 15:09:43.048637
7,Bharti Infratel,Telecommunication - Equipment,142.95,-0.45,-0.31,26440.15,2020-03-24 15:09:43.048637
8,BPCL,Refineries,259.25,-10.1,-3.75,56237.88,2020-03-24 15:09:43.048637
9,Britannia,Consumer Food,2360.4,222.55,10.41,56760.14,2020-03-24 15:09:43.048637
10,Cipla,Pharmaceuticals & Drugs,380.45,5.2,1.39,30673.22,2020-03-24 15:09:43.048637
11,Coal India,Coal,128.75,0.9,0.7,79345.13,2020-03-24 15:09:43.048637
12,Dr Reddys Labs,Pharmaceuticals & Drugs,2858.65,90.25,3.26,47502.78,2020-03-24 15:09:43.048637
13,Eicher Motors,Automobile - LCVS/ HVCS,14309.5,603.6,4.4,39072.77,2020-03-24 15:09:43.048637
14,GAIL,Gas Distribution,77.45,-0.55,-0.71,35229.48,2020-03-24 15:09:43.048637
15,Grasim,Diversified,402.25,-31.0,-7.16,26459.96,2020-03-24 15:09:43.048637
16,HCL Tech,IT Services & Consulting,440.05,22.9,5.49,119414.83,2020-03-24 15:09:43.048637
17,HDFC,Finance - Housing,1501.5,-19.2,-1.26,260056.37,2020-03-24 15:09:43.048637
18,HDFC Bank,Bank - Private,767.85,-3.7,-0.48,421034.15,2020-03-24 15:09:43.048637
19,Hero Motocorp,Automobile - 2 & 3 Wheelers,1624.95,8.95,0.55,32456.65,2020-03-24 15:09:43.048637
20,Hindalco,Iron & Steel,88.85,0.95,1.08,19957.69,2020-03-24 15:09:43.048637
21,HUL,Household & Personal Products,2044.5,174.8,9.35,442597.67,2020-03-24 15:09:43.048637
22,ICICI Bank,Bank - Private,294.65,10.65,3.75,190711.89,2020-03-24 15:09:43.048637
23,IndusInd Bank,Bank - Private,313.55,-22.9,-6.81,21745.81,2020-03-24 15:09:43.048637
24,Infosys,IT Services & Consulting,581.55,55.1,10.47,247670.35,2020-03-24 15:09:43.048637
25,IOC,Refineries,79.7,-1.05,-1.3,75030.85,2020-03-24 15:09:43.048637
26,ITC,Cigarettes/Tobacco,149.35,-4.95,-3.21,183584.47,2020-03-24 15:09:43.048637
27,JSW Steel,Iron & Steel,147.1,2.7,1.87,35557.31,2020-03-24 15:09:43.048637
28,Kotak Mahindra,Bank - Private,1150.85,52.6,4.79,220096.21,2020-03-24 15:09:43.048637
29,Larsen,Engineering & Construction,707.9,-16.15,-2.23,99381.52,2020-03-24 15:09:43.048637
30,M&M,Automobile - Auto & Truck Manufacturers,270.35,-23.05,-7.86,33609.71,2020-03-24 15:09:43.048637
31,Maruti Suzuki,Automobile - Passenger Cars,4490.65,270.3,6.4,135653.58,2020-03-24 15:09:43.048637
32,Nestle,Consumer Food,13690.7,746.05,5.76,131999.86,2020-03-24 15:09:43.048637
33,NTPC,Power Generation/Distribution,77.6,1.2,1.57,76781.76,2020-03-24 15:09:43.048637
34,ONGC,Oil Exploration and Production,62.7,2.3,3.81,78878.35,2020-03-24 15:09:43.048637
35,Power Grid Corp,Power Generation/Distribution,147.35,-5.65,-3.69,77087.47,2020-03-24 15:09:43.048637
36,Reliance,Oil Exploration and Production,949.2,65.15,7.37,601723.27,2020-03-24 15:09:43.048637
37,SBI,Bank - Public,183.2,1.6,0.88,163498.88,2020-03-24 15:09:43.048637
38,Sun Pharma,Pharmaceuticals & Drugs,334.25,9.75,3.0,80197.77,2020-03-24 15:09:43.048637
39,Tata Motors,Automobile - LCVS/ HVCS,68.55,2.35,3.55,21174.9,2020-03-24 15:09:43.048637
40,Tata Steel,Iron & Steel,272.3,1.15,0.42,30674.31,2020-03-24 15:09:43.048637
41,TCS,IT Services & Consulting,1701.1,31.4,1.88,638318.16,2020-03-24 15:09:43.048637
42,Tech Mahindra,IT Services & Consulting,505.05,17.85,3.66,49814.53,2020-03-24 15:09:43.048637
43,Titan Company,Diamond  &  Jewellery,816.5,15.55,1.94,72487.74,2020-03-24 15:09:43.048637
44,UltraTechCement,Cement,3019.8,-35.05,-1.15,87158.52,2020-03-24 15:09:43.048637
45,UPL,Pesticides & Agrochemicals,264.5,9.9,3.89,20209.0,2020-03-24 15:09:43.048637
46,Vedanta,Metals - Non Ferrous,62.8,0.15,0.24,23343.99,2020-03-24 15:09:43.048637
47,Wipro,IT Services & Consulting,177.15,7.0,4.11,101212.13,2020-03-24 15:09:43.048637
48,Yes Bank,Bank - Private,35.0,-4.75,-11.95,43926.65,2020-03-24 15:09:43.048637
49,Zee Entertain,TV Broadcasting & Software Production,119.5,-2.5,-2.05,11477.77,2020-03-24 15:09:43.048637
0,Adani Ports,Transport Infrastructure,230.4,22.6,10.88,46811.56,2020-03-24 15:10:43.534815
1,Asian Paints,Paints,1522.6,24.15,1.61,146047.46,2020-03-24 15:10:43.534815
2,Axis Bank,Bank - Private,303.35,-5.3,-1.72,85588.43,2020-03-24 15:10:43.534815
3,Bajaj Auto,Automobile - 2 & 3 Wheelers,1925.95,-9.6,-0.5,55730.64,2020-03-24 15:10:43.534815
4,Bajaj Finance,Finance - NBFC,2474.8,208.65,9.21,148906.01,2020-03-24 15:10:43.534815
5,Bajaj Finserv,Finance - Investment,4446.1,-174.95,-3.79,70754.03,2020-03-24 15:10:43.534815
6,Bharti Airtel,Telecommunication - Service Provider,404.1,-3.25,-0.8,220459.07,2020-03-24 15:10:43.534815
7,Bharti Infratel,Telecommunication - Equipment,142.95,-0.45,-0.31,26440.15,2020-03-24 15:10:43.534815
8,BPCL,Refineries,259.3,-10.05,-3.73,56248.72,2020-03-24 15:10:43.534815
9,Britannia,Consumer Food,2350.9,213.05,9.97,56531.69,2020-03-24 15:10:43.534815
10,Cipla,Pharmaceuticals & Drugs,380.7,5.45,1.45,30693.38,2020-03-24 15:10:43.534815
11,Coal India,Coal,128.7,0.85,0.66,79314.31,2020-03-24 15:10:43.534815
12,Dr Reddys Labs,Pharmaceuticals & Drugs,2861.45,93.05,3.36,47549.31,2020-03-24 15:10:43.534815
13,Eicher Motors,Automobile - LCVS/ HVCS,14255.1,549.2,4.01,38924.22,2020-03-24 15:10:43.534815
14,GAIL,Gas Distribution,76.9,-1.1,-1.41,34979.31,2020-03-24 15:10:43.534815
15,Grasim,Diversified,400.5,-32.75,-7.56,26344.85,2020-03-24 15:10:43.534815
16,HCL Tech,IT Services & Consulting,438.85,21.7,5.2,119089.19,2020-03-24 15:10:43.534815
17,HDFC,Finance - Housing,1492.75,-27.95,-1.84,258540.89,2020-03-24 15:10:43.534815
18,HDFC Bank,Bank - Private,767.2,-4.35,-0.56,420677.74,2020-03-24 15:10:43.534815
19,Hero Motocorp,Automobile - 2 & 3 Wheelers,1621.9,5.9,0.37,32395.73,2020-03-24 15:10:43.534815
20,Hindalco,Iron & Steel,88.7,0.8,0.91,19924.0,2020-03-24 15:10:43.534815
21,HUL,Household & Personal Products,2057.5,187.8,10.04,445411.93,2020-03-24 15:10:43.534815
22,ICICI Bank,Bank - Private,294.65,10.65,3.75,190711.89,2020-03-24 15:10:43.534815
23,IndusInd Bank,Bank - Private,313.55,-22.9,-6.81,21745.81,2020-03-24 15:10:43.534815
24,Infosys,IT Services & Consulting,581.55,55.1,10.47,247670.35,2020-03-24 15:10:43.534815
25,IOC,Refineries,79.7,-1.05,-1.3,75030.85,2020-03-24 15:10:43.534815
26,ITC,Cigarettes/Tobacco,149.35,-4.95,-3.21,183584.47,2020-03-24 15:10:43.534815
27,JSW Steel,Iron & Steel,147.1,2.7,1.87,35557.31,2020-03-24 15:10:43.534815
28,Kotak Mahindra,Bank - Private,1150.85,52.6,4.79,220096.21,2020-03-24 15:10:43.534815
29,Larsen,Engineering & Construction,707.9,-16.15,-2.23,99381.52,2020-03-24 15:10:43.534815
30,M&M,Automobile - Auto & Truck Manufacturers,270.35,-23.05,-7.86,33609.71,2020-03-24 15:10:43.534815
31,Maruti Suzuki,Automobile - Passenger Cars,4490.65,270.3,6.4,135653.58,2020-03-24 15:10:43.534815
32,Nestle,Consumer Food,13690.7,746.05,5.76,131999.86,2020-03-24 15:10:43.534815
33,NTPC,Power Generation/Distribution,77.6,1.2,1.57,76781.76,2020-03-24 15:10:43.534815
34,ONGC,Oil Exploration and Production,62.7,2.3,3.81,78878.35,2020-03-24 15:10:43.534815
35,Power Grid Corp,Power Generation/Distribution,147.35,-5.65,-3.69,77087.47,2020-03-24 15:10:43.534815
36,Reliance,Oil Exploration and Production,949.2,65.15,7.37,601723.27,2020-03-24 15:10:43.534815
37,SBI,Bank - Public,183.2,1.6,0.88,163498.88,2020-03-24 15:10:43.534815
38,Sun Pharma,Pharmaceuticals & Drugs,334.25,9.75,3.0,80197.77,2020-03-24 15:10:43.534815
39,Tata Motors,Automobile - LCVS/ HVCS,68.55,2.35,3.55,21174.9,2020-03-24 15:10:43.534815
40,Tata Steel,Iron & Steel,272.3,1.15,0.42,30674.31,2020-03-24 15:10:43.534815
41,TCS,IT Services & Consulting,1701.1,31.4,1.88,638318.16,2020-03-24 15:10:43.534815
42,Tech Mahindra,IT Services & Consulting,505.05,17.85,3.66,49814.53,2020-03-24 15:10:43.534815
43,Titan Company,Diamond  &  Jewellery,816.5,15.55,1.94,72487.74,2020-03-24 15:10:43.534815
44,UltraTechCement,Cement,3019.8,-35.05,-1.15,87158.52,2020-03-24 15:10:43.534815
45,UPL,Pesticides & Agrochemicals,264.5,9.9,3.89,20209.0,2020-03-24 15:10:43.534815
46,Vedanta,Metals - Non Ferrous,62.8,0.15,0.24,23343.99,2020-03-24 15:10:43.534815
47,Wipro,IT Services & Consulting,177.15,7.0,4.11,101212.13,2020-03-24 15:10:43.534815
48,Yes Bank,Bank - Private,35.0,-4.75,-11.95,43926.65,2020-03-24 15:10:43.534815
49,Zee Entertain,TV Broadcasting & Software Production,119.5,-2.5,-2.05,11477.77,2020-03-24 15:10:43.534815
0,Adani Ports,Transport Infrastructure,230.75,22.95,11.04,46882.67,2020-03-24 15:11:44.097434
1,Asian Paints,Paints,1522.7,24.25,1.62,146057.05,2020-03-24 15:11:44.097434
2,Axis Bank,Bank - Private,302.5,-6.15,-1.99,85348.6,2020-03-24 15:11:44.097434
3,Bajaj Auto,Automobile - 2 & 3 Wheelers,1921.6,-13.95,-0.72,55604.77,2020-03-24 15:11:44.097434
4,Bajaj Finance,Finance - NBFC,2480.8,214.65,9.47,149267.02,2020-03-24 15:11:44.097434
5,Bajaj Finserv,Finance - Investment,4450.5,-170.55,-3.69,70824.05,2020-03-24 15:11:44.097434
6,Bharti Airtel,Telecommunication - Service Provider,404.55,-2.8,-0.69,220704.57,2020-03-24 15:11:44.097434
7,Bharti Infratel,Telecommunication - Equipment,142.95,-0.45,-0.31,26440.15,2020-03-24 15:11:44.097434
8,BPCL,Refineries,261.55,-7.8,-2.9,56736.81,2020-03-24 15:11:44.097434
9,Britannia,Consumer Food,2350.95,213.1,9.97,56532.89,2020-03-24 15:11:44.097434
10,Cipla,Pharmaceuticals & Drugs,378.85,3.6,0.96,30544.23,2020-03-24 15:11:44.097434
11,Coal India,Coal,128.55,0.7,0.55,79221.87,2020-03-24 15:11:44.097434
12,Dr Reddys Labs,Pharmaceuticals & Drugs,2858.2,89.8,3.24,47495.3,2020-03-24 15:11:44.097434
13,Eicher Motors,Automobile - LCVS/ HVCS,14220.15,514.25,3.75,38828.79,2020-03-24 15:11:44.097434
14,GAIL,Gas Distribution,76.9,-1.1,-1.41,34979.31,2020-03-24 15:11:44.097434
15,Grasim,Diversified,401.4,-31.85,-7.35,26404.05,2020-03-24 15:11:44.097434
16,HCL Tech,IT Services & Consulting,440.0,22.85,5.48,119401.26,2020-03-24 15:11:44.097434
17,HDFC,Finance - Housing,1500.5,-20.2,-1.33,259883.17,2020-03-24 15:11:44.097434
18,HDFC Bank,Bank - Private,770.0,-1.55,-0.2,422213.06,2020-03-24 15:11:44.097434
19,Hero Motocorp,Automobile - 2 & 3 Wheelers,1620.15,4.15,0.26,32360.77,2020-03-24 15:11:44.097434
20,Hindalco,Iron & Steel,88.45,0.55,0.63,19867.84,2020-03-24 15:11:44.097434
21,HUL,Household & Personal Products,2055.15,185.45,9.92,444903.2,2020-03-24 15:11:44.097434
22,ICICI Bank,Bank - Private,297.2,13.2,4.65,192362.38,2020-03-24 15:11:44.097434
23,IndusInd Bank,Bank - Private,312.8,-23.65,-7.03,21693.8,2020-03-24 15:11:44.097434
24,Infosys,IT Services & Consulting,581.5,55.05,10.46,247649.05,2020-03-24 15:11:44.097434
25,IOC,Refineries,79.7,-1.05,-1.3,75030.85,2020-03-24 15:11:44.097434
26,ITC,Cigarettes/Tobacco,149.6,-4.7,-3.05,183891.78,2020-03-24 15:11:44.097434
27,JSW Steel,Iron & Steel,146.7,2.3,1.59,35460.62,2020-03-24 15:11:44.097434
28,Kotak Mahindra,Bank - Private,1146.0,47.75,4.35,219168.66,2020-03-24 15:11:44.097434
29,Larsen,Engineering & Construction,706.6,-17.45,-2.41,99199.01,2020-03-24 15:11:44.097434
30,M&M,Automobile - Auto & Truck Manufacturers,270.9,-22.5,-7.67,33678.09,2020-03-24 15:11:44.097434
31,Maruti Suzuki,Automobile - Passenger Cars,4489.3,268.95,6.37,135612.8,2020-03-24 15:11:44.097434
32,Nestle,Consumer Food,13657.05,712.4,5.5,131675.43,2020-03-24 15:11:44.097434
33,NTPC,Power Generation/Distribution,77.4,1.0,1.31,76583.87,2020-03-24 15:11:44.097434
34,ONGC,Oil Exploration and Production,62.45,2.05,3.39,78563.84,2020-03-24 15:11:44.097434
35,Power Grid Corp,Power Generation/Distribution,146.9,-6.1,-3.99,76852.05,2020-03-24 15:11:44.097434
36,Reliance,Oil Exploration and Production,946.05,62.0,7.01,599726.4,2020-03-24 15:11:44.097434
37,SBI,Bank - Public,183.0,1.4,0.77,163320.39,2020-03-24 15:11:44.097434
38,Sun Pharma,Pharmaceuticals & Drugs,334.5,10.0,3.08,80257.75,2020-03-24 15:11:44.097434
39,Tata Motors,Automobile - LCVS/ HVCS,68.8,2.6,3.93,21252.13,2020-03-24 15:11:44.097434
40,Tata Steel,Iron & Steel,272.0,0.85,0.31,30640.52,2020-03-24 15:11:44.097434
41,TCS,IT Services & Consulting,1697.45,27.75,1.66,636948.54,2020-03-24 15:11:44.097434
42,Tech Mahindra,IT Services & Consulting,505.35,18.15,3.73,49844.12,2020-03-24 15:11:44.097434
43,Titan Company,Diamond  &  Jewellery,817.1,16.15,2.02,72541.01,2020-03-24 15:11:44.097434
44,UltraTechCement,Cement,3032.65,-22.2,-0.73,87529.4,2020-03-24 15:11:44.097434
45,UPL,Pesticides & Agrochemicals,261.75,7.15,2.81,19998.89,2020-03-24 15:11:44.097434
46,Vedanta,Metals - Non Ferrous,62.45,-0.2,-0.32,23213.89,2020-03-24 15:11:44.097434
47,Wipro,IT Services & Consulting,176.5,6.35,3.73,100840.76,2020-03-24 15:11:44.097434
48,Yes Bank,Bank - Private,35.1,-4.65,-11.7,44052.16,2020-03-24 15:11:44.097434
49,Zee Entertain,TV Broadcasting & Software Production,119.4,-2.6,-2.13,11468.17,2020-03-24 15:11:44.097434
0,Adani Ports,Transport Infrastructure,230.75,22.95,11.04,46882.67,2020-03-24 15:12:45.656326
1,Asian Paints,Paints,1527.45,29.0,1.94,146512.67,2020-03-24 15:12:45.656326
2,Axis Bank,Bank - Private,303.3,-5.35,-1.73,85574.32,2020-03-24 15:12:45.656326
3,Bajaj Auto,Automobile - 2 & 3 Wheelers,1946.5,10.95,0.57,56325.29,2020-03-24 15:12:45.656326
4,Bajaj Finance,Finance - NBFC,2480.0,213.85,9.44,149218.89,2020-03-24 15:12:45.656326
5,Bajaj Finserv,Finance - Investment,4464.95,-156.1,-3.38,71054.0,2020-03-24 15:12:45.656326
6,Bharti Airtel,Telecommunication - Service Provider,405.2,-2.15,-0.53,221059.18,2020-03-24 15:12:45.656326
7,Bharti Infratel,Telecommunication - Equipment,144.6,1.2,0.84,26745.34,2020-03-24 15:12:45.656326
8,BPCL,Refineries,264.45,-4.9,-1.82,57365.89,2020-03-24 15:12:45.656326
9,Britannia,Consumer Food,2376.2,238.35,11.15,57140.08,2020-03-24 15:12:45.656326
10,Cipla,Pharmaceuticals & Drugs,380.3,5.05,1.35,30661.13,2020-03-24 15:12:45.656326
11,Coal India,Coal,129.6,1.75,1.37,79868.96,2020-03-24 15:12:45.656326
12,Dr Reddys Labs,Pharmaceuticals & Drugs,2861.5,93.1,3.36,47550.14,2020-03-24 15:12:45.656326
13,Eicher Motors,Automobile - LCVS/ HVCS,14164.35,458.45,3.34,38676.43,2020-03-24 15:12:45.656326
14,GAIL,Gas Distribution,77.45,-0.55,-0.71,35229.48,2020-03-24 15:12:45.656326
15,Grasim,Diversified,405.1,-28.15,-6.5,26647.43,2020-03-24 15:12:45.656326
16,HCL Tech,IT Services & Consulting,443.8,26.65,6.39,120432.46,2020-03-24 15:12:45.656326
17,HDFC,Finance - Housing,1506.8,-13.9,-0.91,260974.32,2020-03-24 15:12:45.656326
18,HDFC Bank,Bank - Private,772.2,0.65,0.08,423419.38,2020-03-24 15:12:45.656326
19,Hero Motocorp,Automobile - 2 & 3 Wheelers,1627.95,11.95,0.74,32516.57,2020-03-24 15:12:45.656326
20,Hindalco,Iron & Steel,88.7,0.8,0.91,19924.0,2020-03-24 15:12:45.656326
21,HUL,Household & Personal Products,2048.8,179.1,9.58,443528.54,2020-03-24 15:12:45.656326
22,ICICI Bank,Bank - Private,298.5,14.5,5.11,193203.8,2020-03-24 15:12:45.656326
23,IndusInd Bank,Bank - Private,314.6,-21.85,-6.49,21818.63,2020-03-24 15:12:45.656326
24,Infosys,IT Services & Consulting,582.4,55.95,10.63,248032.35,2020-03-24 15:12:45.656326
25,IOC,Refineries,79.95,-0.8,-0.99,75266.2,2020-03-24 15:12:45.656326
26,ITC,Cigarettes/Tobacco,149.9,-4.4,-2.85,184260.55,2020-03-24 15:12:45.656326
27,JSW Steel,Iron & Steel,147.55,3.15,2.18,35666.09,2020-03-24 15:12:45.656326
28,Kotak Mahindra,Bank - Private,1146.9,48.65,4.43,219340.78,2020-03-24 15:12:45.656326
29,Larsen,Engineering & Construction,709.2,-14.85,-2.05,99564.02,2020-03-24 15:12:45.656326
30,M&M,Automobile - Auto & Truck Manufacturers,271.9,-21.5,-7.33,33802.41,2020-03-24 15:12:45.656326
31,Maruti Suzuki,Automobile - Passenger Cars,4507.95,287.6,6.81,136176.18,2020-03-24 15:12:45.656326
32,Nestle,Consumer Food,13640.5,695.85,5.38,131515.86,2020-03-24 15:12:45.656326
33,NTPC,Power Generation/Distribution,78.0,1.6,2.09,77177.55,2020-03-24 15:12:45.656326
34,ONGC,Oil Exploration and Production,62.7,2.3,3.81,78878.35,2020-03-24 15:12:45.656326
35,Power Grid Corp,Power Generation/Distribution,147.7,-5.3,-3.46,77270.58,2020-03-24 15:12:45.656326
36,Reliance,Oil Exploration and Production,950.3,66.25,7.49,602420.59,2020-03-24 15:12:45.656326
37,SBI,Bank - Public,184.4,2.8,1.54,164569.84,2020-03-24 15:12:45.656326
38,Sun Pharma,Pharmaceuticals & Drugs,336.85,12.35,3.81,80821.6,2020-03-24 15:12:45.656326
39,Tata Motors,Automobile - LCVS/ HVCS,69.2,3.0,4.53,21375.69,2020-03-24 15:12:45.656326
40,Tata Steel,Iron & Steel,272.45,1.3,0.48,30691.21,2020-03-24 15:12:45.656326
41,TCS,IT Services & Consulting,1707.15,37.45,2.24,640588.36,2020-03-24 15:12:45.656326
42,Tech Mahindra,IT Services & Consulting,506.35,19.15,3.93,49942.75,2020-03-24 15:12:45.656326
43,Titan Company,Diamond  &  Jewellery,817.25,16.3,2.04,72554.32,2020-03-24 15:12:45.656326
44,UltraTechCement,Cement,3049.5,-5.35,-0.18,88015.73,2020-03-24 15:12:45.656326
45,UPL,Pesticides & Agrochemicals,262.15,7.55,2.97,20029.45,2020-03-24 15:12:45.656326
46,Vedanta,Metals - Non Ferrous,62.8,0.15,0.24,23343.99,2020-03-24 15:12:45.656326
47,Wipro,IT Services & Consulting,177.3,7.15,4.2,101297.83,2020-03-24 15:12:45.656326
48,Yes Bank,Bank - Private,35.3,-4.45,-11.19,44303.17,2020-03-24 15:12:45.656326
49,Zee Entertain,TV Broadcasting & Software Production,119.95,-2.05,-1.68,11521.0,2020-03-24 15:12:45.656326
0,Adani Ports,Transport Infrastructure,231.0,23.2,11.16,46933.47,2020-03-24 15:13:46.229051
1,Asian Paints,Paints,1524.65,26.2,1.75,146244.09,2020-03-24 15:13:46.229051
2,Axis Bank,Bank - Private,304.1,-4.55,-1.47,85800.03,2020-03-24 15:13:46.229051
3,Bajaj Auto,Automobile - 2 & 3 Wheelers,1946.25,10.7,0.55,56318.06,2020-03-24 15:13:46.229051
4,Bajaj Finance,Finance - NBFC,2483.0,216.85,9.57,149399.4,2020-03-24 15:13:46.229051
5,Bajaj Finserv,Finance - Investment,4493.95,-127.1,-2.75,71515.5,2020-03-24 15:13:46.229051
6,Bharti Airtel,Telecommunication - Service Provider,405.65,-1.7,-0.42,221304.68,2020-03-24 15:13:46.229051
7,Bharti Infratel,Telecommunication - Equipment,147.75,4.35,3.03,27327.96,2020-03-24 15:13:46.229051
8,BPCL,Refineries,263.85,-5.5,-2.04,57235.73,2020-03-24 15:13:46.229051
9,Britannia,Consumer Food,2384.35,246.5,11.53,57336.06,2020-03-24 15:13:46.229051
10,Cipla,Pharmaceuticals & Drugs,379.15,3.9,1.04,30568.41,2020-03-24 15:13:46.229051
11,Coal India,Coal,129.4,1.55,1.21,79745.7,2020-03-24 15:13:46.229051
12,Dr Reddys Labs,Pharmaceuticals & Drugs,2859.55,91.15,3.29,47517.74,2020-03-24 15:13:46.229051
13,Eicher Motors,Automobile - LCVS/ HVCS,14199.75,493.85,3.6,38773.09,2020-03-24 15:13:46.229051
14,GAIL,Gas Distribution,76.8,-1.2,-1.54,34933.82,2020-03-24 15:13:46.229051
15,Grasim,Diversified,404.7,-28.55,-6.59,26621.12,2020-03-24 15:13:46.229051
16,HCL Tech,IT Services & Consulting,442.6,25.45,6.1,120106.82,2020-03-24 15:13:46.229051
17,HDFC,Finance - Housing,1512.0,-8.7,-0.57,261874.95,2020-03-24 15:13:46.229051
18,HDFC Bank,Bank - Private,772.15,0.6,0.08,423391.96,2020-03-24 15:13:46.229051
19,Hero Motocorp,Automobile - 2 & 3 Wheelers,1625.9,9.9,0.61,32475.62,2020-03-24 15:13:46.229051
20,Hindalco,Iron & Steel,88.75,0.85,0.97,19935.23,2020-03-24 15:13:46.229051
21,HUL,Household & Personal Products,2038.75,169.05,9.04,441352.89,2020-03-24 15:13:46.229051
22,ICICI Bank,Bank - Private,299.25,15.25,5.37,193689.24,2020-03-24 15:13:46.229051
23,IndusInd Bank,Bank - Private,313.8,-22.65,-6.73,21763.15,2020-03-24 15:13:46.229051
24,Infosys,IT Services & Consulting,583.7,57.25,10.87,248585.99,2020-03-24 15:13:46.229051
25,IOC,Refineries,79.95,-0.8,-0.99,75266.2,2020-03-24 15:13:46.229051
26,ITC,Cigarettes/Tobacco,150.2,-4.1,-2.66,184629.31,2020-03-24 15:13:46.229051
27,JSW Steel,Iron & Steel,147.35,2.95,2.04,35617.74,2020-03-24 15:13:46.229051
28,Kotak Mahindra,Bank - Private,1151.05,52.8,4.81,220134.45,2020-03-24 15:13:46.229051
29,Larsen,Engineering & Construction,711.1,-12.95,-1.79,99830.76,2020-03-24 15:13:46.229051
30,M&M,Automobile - Auto & Truck Manufacturers,271.3,-22.1,-7.53,33727.81,2020-03-24 15:13:46.229051
31,Maruti Suzuki,Automobile - Passenger Cars,4502.0,281.65,6.67,135996.44,2020-03-24 15:13:46.229051
32,Nestle,Consumer Food,13610.1,665.45,5.14,131222.75,2020-03-24 15:13:46.229051
33,NTPC,Power Generation/Distribution,78.2,1.8,2.36,77375.44,2020-03-24 15:13:46.229051
34,ONGC,Oil Exploration and Production,62.75,2.35,3.89,78941.25,2020-03-24 15:13:46.229051
35,Power Grid Corp,Power Generation/Distribution,147.25,-5.75,-3.76,77035.16,2020-03-24 15:13:46.229051
36,Reliance,Oil Exploration and Production,951.6,67.55,7.64,603244.7,2020-03-24 15:13:46.229051
37,SBI,Bank - Public,184.8,3.2,1.76,164926.82,2020-03-24 15:13:46.229051
38,Sun Pharma,Pharmaceuticals & Drugs,335.85,11.35,3.5,80581.66,2020-03-24 15:13:46.229051
39,Tata Motors,Automobile - LCVS/ HVCS,69.1,2.9,4.38,21344.8,2020-03-24 15:13:46.229051
40,Tata Steel,Iron & Steel,272.45,1.3,0.48,30691.21,2020-03-24 15:13:46.229051
41,TCS,IT Services & Consulting,1711.15,41.45,2.48,642089.31,2020-03-24 15:13:46.229051
42,Tech Mahindra,IT Services & Consulting,505.3,18.1,3.72,49839.19,2020-03-24 15:13:46.229051
43,Titan Company,Diamond  &  Jewellery,816.4,15.45,1.93,72478.86,2020-03-24 15:13:46.229051
44,UltraTechCement,Cement,3053.0,-1.85,-0.06,88116.75,2020-03-24 15:13:46.229051
45,UPL,Pesticides & Agrochemicals,262.15,7.55,2.97,20029.45,2020-03-24 15:13:46.229051
46,Vedanta,Metals - Non Ferrous,62.8,0.15,0.24,23343.99,2020-03-24 15:13:46.229051
47,Wipro,IT Services & Consulting,177.35,7.2,4.23,101326.39,2020-03-24 15:13:46.229051
48,Yes Bank,Bank - Private,35.25,-4.5,-11.32,44240.41,2020-03-24 15:13:46.229051
49,Zee Entertain,TV Broadcasting & Software Production,120.0,-2.0,-1.64,11525.8,2020-03-24 15:13:46.229051
0,Adani Ports,Transport Infrastructure,231.0,23.2,11.16,46933.47,2020-03-24 15:14:46.637657
1,Asian Paints,Paints,1524.65,26.2,1.75,146244.09,2020-03-24 15:14:46.637657
2,Axis Bank,Bank - Private,304.1,-4.55,-1.47,85800.03,2020-03-24 15:14:46.637657
3,Bajaj Auto,Automobile - 2 & 3 Wheelers,1946.25,10.7,0.55,56318.06,2020-03-24 15:14:46.637657
4,Bajaj Finance,Finance - NBFC,2483.0,216.85,9.57,149399.4,2020-03-24 15:14:46.637657
5,Bajaj Finserv,Finance - Investment,4493.95,-127.1,-2.75,71515.5,2020-03-24 15:14:46.637657
6,Bharti Airtel,Telecommunication - Service Provider,405.65,-1.7,-0.42,221304.68,2020-03-24 15:14:46.637657
7,Bharti Infratel,Telecommunication - Equipment,147.75,4.35,3.03,27327.96,2020-03-24 15:14:46.637657
8,BPCL,Refineries,263.85,-5.5,-2.04,57235.73,2020-03-24 15:14:46.637657
9,Britannia,Consumer Food,2384.35,246.5,11.53,57336.06,2020-03-24 15:14:46.637657
10,Cipla,Pharmaceuticals & Drugs,379.15,3.9,1.04,30568.41,2020-03-24 15:14:46.637657
11,Coal India,Coal,129.4,1.55,1.21,79745.7,2020-03-24 15:14:46.637657
12,Dr Reddys Labs,Pharmaceuticals & Drugs,2859.55,91.15,3.29,47517.74,2020-03-24 15:14:46.637657
13,Eicher Motors,Automobile - LCVS/ HVCS,14199.75,493.85,3.6,38773.09,2020-03-24 15:14:46.637657
14,GAIL,Gas Distribution,76.8,-1.2,-1.54,34933.82,2020-03-24 15:14:46.637657
15,Grasim,Diversified,404.7,-28.55,-6.59,26621.12,2020-03-24 15:14:46.637657
16,HCL Tech,IT Services & Consulting,442.6,25.45,6.1,120106.82,2020-03-24 15:14:46.637657
17,HDFC,Finance - Housing,1512.0,-8.7,-0.57,261874.95,2020-03-24 15:14:46.637657
18,HDFC Bank,Bank - Private,772.15,0.6,0.08,423391.96,2020-03-24 15:14:46.637657
19,Hero Motocorp,Automobile - 2 & 3 Wheelers,1625.9,9.9,0.61,32475.62,2020-03-24 15:14:46.637657
20,Hindalco,Iron & Steel,88.75,0.85,0.97,19935.23,2020-03-24 15:14:46.637657
21,HUL,Household & Personal Products,2038.75,169.05,9.04,441352.89,2020-03-24 15:14:46.637657
22,ICICI Bank,Bank - Private,299.25,15.25,5.37,193689.24,2020-03-24 15:14:46.637657
23,IndusInd Bank,Bank - Private,313.8,-22.65,-6.73,21763.15,2020-03-24 15:14:46.637657
24,Infosys,IT Services & Consulting,583.7,57.25,10.87,248585.99,2020-03-24 15:14:46.637657
25,IOC,Refineries,79.95,-0.8,-0.99,75266.2,2020-03-24 15:14:46.637657
26,ITC,Cigarettes/Tobacco,150.2,-4.1,-2.66,184629.31,2020-03-24 15:14:46.637657
27,JSW Steel,Iron & Steel,147.35,2.95,2.04,35617.74,2020-03-24 15:14:46.637657
28,Kotak Mahindra,Bank - Private,1151.05,52.8,4.81,220134.45,2020-03-24 15:14:46.637657
29,Larsen,Engineering & Construction,711.1,-12.95,-1.79,99830.76,2020-03-24 15:14:46.637657
30,M&M,Automobile - Auto & Truck Manufacturers,271.3,-22.1,-7.53,33727.81,2020-03-24 15:14:46.637657
31,Maruti Suzuki,Automobile - Passenger Cars,4502.0,281.65,6.67,135996.44,2020-03-24 15:14:46.637657
32,Nestle,Consumer Food,13610.1,665.45,5.14,131222.75,2020-03-24 15:14:46.637657
33,NTPC,Power Generation/Distribution,78.2,1.8,2.36,77375.44,2020-03-24 15:14:46.637657
34,ONGC,Oil Exploration and Production,62.75,2.35,3.89,78941.25,2020-03-24 15:14:46.637657
35,Power Grid Corp,Power Generation/Distribution,147.25,-5.75,-3.76,77035.16,2020-03-24 15:14:46.637657
36,Reliance,Oil Exploration and Production,951.6,67.55,7.64,603244.7,2020-03-24 15:14:46.637657
37,SBI,Bank - Public,184.8,3.2,1.76,164926.82,2020-03-24 15:14:46.637657
38,Sun Pharma,Pharmaceuticals & Drugs,335.85,11.35,3.5,80581.66,2020-03-24 15:14:46.637657
39,Tata Motors,Automobile - LCVS/ HVCS,69.1,2.9,4.38,21344.8,2020-03-24 15:14:46.637657
40,Tata Steel,Iron & Steel,272.45,1.3,0.48,30691.21,2020-03-24 15:14:46.637657
41,TCS,IT Services & Consulting,1711.15,41.45,2.48,642089.31,2020-03-24 15:14:46.637657
42,Tech Mahindra,IT Services & Consulting,505.3,18.1,3.72,49839.19,2020-03-24 15:14:46.637657
43,Titan Company,Diamond  &  Jewellery,816.4,15.45,1.93,72478.86,2020-03-24 15:14:46.637657
44,UltraTechCement,Cement,3053.0,-1.85,-0.06,88116.75,2020-03-24 15:14:46.637657
45,UPL,Pesticides & Agrochemicals,262.15,7.55,2.97,20029.45,2020-03-24 15:14:46.637657
46,Vedanta,Metals - Non Ferrous,62.8,0.15,0.24,23343.99,2020-03-24 15:14:46.637657
47,Wipro,IT Services & Consulting,177.35,7.2,4.23,101326.39,2020-03-24 15:14:46.637657
48,Yes Bank,Bank - Private,35.25,-4.5,-11.32,44240.41,2020-03-24 15:14:46.637657
49,Zee Entertain,TV Broadcasting & Software Production,120.0,-2.0,-1.64,11525.8,2020-03-24 15:14:46.637657
0,Adani Ports,Transport Infrastructure,231.2,23.4,11.26,46974.1,2020-03-24 15:15:47.865486
1,Asian Paints,Paints,1525.55,27.1,1.81,146330.42,2020-03-24 15:15:47.865486
2,Axis Bank,Bank - Private,303.8,-4.85,-1.57,85715.39,2020-03-24 15:15:47.865486
3,Bajaj Auto,Automobile - 2 & 3 Wheelers,1946.15,10.6,0.55,56315.16,2020-03-24 15:15:47.865486
4,Bajaj Finance,Finance - NBFC,2492.25,226.1,9.98,149955.96,2020-03-24 15:15:47.865486
5,Bajaj Finserv,Finance - Investment,4531.65,-89.4,-1.93,72115.45,2020-03-24 15:15:47.865486
6,Bharti Airtel,Telecommunication - Service Provider,405.8,-1.55,-0.38,221386.52,2020-03-24 15:15:47.865486
7,Bharti Infratel,Telecommunication - Equipment,146.5,3.1,2.16,27096.76,2020-03-24 15:15:47.865486
8,BPCL,Refineries,266.05,-3.3,-1.23,57712.97,2020-03-24 15:15:47.865486
9,Britannia,Consumer Food,2386.8,248.95,11.64,57394.97,2020-03-24 15:15:47.865486
10,Cipla,Pharmaceuticals & Drugs,378.45,3.2,0.85,30511.98,2020-03-24 15:15:47.865486
11,Coal India,Coal,129.5,1.65,1.29,79807.33,2020-03-24 15:15:47.865486
12,Dr Reddys Labs,Pharmaceuticals & Drugs,2856.3,87.9,3.18,47463.73,2020-03-24 15:15:47.865486
13,Eicher Motors,Automobile - LCVS/ HVCS,14139.1,433.2,3.16,38607.48,2020-03-24 15:15:47.865486
14,GAIL,Gas Distribution,76.45,-1.55,-1.99,34774.62,2020-03-24 15:15:47.865486
15,Grasim,Diversified,403.3,-29.95,-6.91,26529.03,2020-03-24 15:15:47.865486
16,HCL Tech,IT Services & Consulting,442.65,25.5,6.11,120120.39,2020-03-24 15:15:47.865486
17,HDFC,Finance - Housing,1507.2,-13.5,-0.89,261043.6,2020-03-24 15:15:47.865486
18,HDFC Bank,Bank - Private,772.5,0.95,0.12,423583.88,2020-03-24 15:15:47.865486
19,Hero Motocorp,Automobile - 2 & 3 Wheelers,1626.1,10.1,0.63,32479.62,2020-03-24 15:15:47.865486
20,Hindalco,Iron & Steel,88.8,0.9,1.02,19946.46,2020-03-24 15:15:47.865486
21,HUL,Household & Personal Products,2020.1,150.4,8.04,437315.5,2020-03-24 15:15:47.865486
22,ICICI Bank,Bank - Private,297.8,13.8,4.86,192750.73,2020-03-24 15:15:47.865486
23,IndusInd Bank,Bank - Private,312.85,-23.6,-7.01,21697.27,2020-03-24 15:15:47.865486
24,Infosys,IT Services & Consulting,588.05,61.6,11.7,250438.57,2020-03-24 15:15:47.865486
25,IOC,Refineries,79.85,-0.9,-1.11,75172.06,2020-03-24 15:15:47.865486
26,ITC,Cigarettes/Tobacco,150.3,-4.0,-2.59,184752.24,2020-03-24 15:15:47.865486
27,JSW Steel,Iron & Steel,146.75,2.35,1.63,35472.71,2020-03-24 15:15:47.865486
28,Kotak Mahindra,Bank - Private,1159.75,61.5,5.6,221798.3,2020-03-24 15:15:47.865486
29,Larsen,Engineering & Construction,711.35,-12.7,-1.75,99865.86,2020-03-24 15:15:47.865486
30,M&M,Automobile - Auto & Truck Manufacturers,268.95,-24.45,-8.33,33435.66,2020-03-24 15:15:47.865486
31,Maruti Suzuki,Automobile - Passenger Cars,4505.5,285.15,6.76,136102.17,2020-03-24 15:15:47.865486
32,Nestle,Consumer Food,13565.75,621.1,4.8,130795.15,2020-03-24 15:15:47.865486
33,NTPC,Power Generation/Distribution,78.45,2.05,2.68,77622.8,2020-03-24 15:15:47.865486
34,ONGC,Oil Exploration and Production,62.8,2.4,3.97,79004.15,2020-03-24 15:15:47.865486
35,Power Grid Corp,Power Generation/Distribution,147.05,-5.95,-3.89,76930.53,2020-03-24 15:15:47.865486
36,Reliance,Oil Exploration and Production,949.4,65.35,7.39,601850.06,2020-03-24 15:15:47.865486
37,SBI,Bank - Public,183.95,2.35,1.29,164168.23,2020-03-24 15:15:47.865486
38,Sun Pharma,Pharmaceuticals & Drugs,335.45,10.95,3.37,80485.69,2020-03-24 15:15:47.865486
39,Tata Motors,Automobile - LCVS/ HVCS,69.05,2.85,4.31,21329.35,2020-03-24 15:15:47.865486
40,Tata Steel,Iron & Steel,271.65,0.5,0.18,30601.09,2020-03-24 15:15:47.865486
41,TCS,IT Services & Consulting,1706.7,37.0,2.22,640419.5,2020-03-24 15:15:47.865486
42,Tech Mahindra,IT Services & Consulting,505.55,18.35,3.77,49863.85,2020-03-24 15:15:47.865486
43,Titan Company,Diamond  &  Jewellery,818.0,17.05,2.13,72620.91,2020-03-24 15:15:47.865486
44,UltraTechCement,Cement,3041.0,-13.85,-0.45,87770.4,2020-03-24 15:15:47.865486
45,UPL,Pesticides & Agrochemicals,261.15,6.55,2.57,19953.05,2020-03-24 15:15:47.865486
46,Vedanta,Metals - Non Ferrous,62.95,0.3,0.48,23399.75,2020-03-24 15:15:47.865486
47,Wipro,IT Services & Consulting,177.3,7.15,4.2,101297.83,2020-03-24 15:15:47.865486
48,Yes Bank,Bank - Private,35.25,-4.5,-11.32,44240.41,2020-03-24 15:15:47.865486
49,Zee Entertain,TV Broadcasting & Software Production,119.5,-2.5,-2.05,11477.77,2020-03-24 15:15:47.865486
0,Adani Ports,Transport Infrastructure,230.75,22.95,11.04,46882.67,2020-03-24 15:16:49.052486
1,Asian Paints,Paints,1523.45,25.0,1.67,146128.99,2020-03-24 15:16:49.052486
2,Axis Bank,Bank - Private,304.4,-4.25,-1.38,85884.68,2020-03-24 15:16:49.052486
3,Bajaj Auto,Automobile - 2 & 3 Wheelers,1943.5,7.95,0.41,56238.48,2020-03-24 15:16:49.052486
4,Bajaj Finance,Finance - NBFC,2491.55,225.4,9.95,149913.84,2020-03-24 15:16:49.052486
5,Bajaj Finserv,Finance - Investment,4521.95,-99.1,-2.14,71961.09,2020-03-24 15:16:49.052486
6,Bharti Airtel,Telecommunication - Service Provider,405.1,-2.25,-0.55,221004.63,2020-03-24 15:16:49.052486
7,Bharti Infratel,Telecommunication - Equipment,143.4,0.0,0.0,26523.38,2020-03-24 15:16:49.052486
8,BPCL,Refineries,265.0,-4.35,-1.61,57485.2,2020-03-24 15:16:49.052486
9,Britannia,Consumer Food,2381.4,243.55,11.39,57265.12,2020-03-24 15:16:49.052486
10,Cipla,Pharmaceuticals & Drugs,378.0,2.75,0.73,30475.7,2020-03-24 15:16:49.052486
11,Coal India,Coal,129.05,1.2,0.94,79530.01,2020-03-24 15:16:49.052486
12,Dr Reddys Labs,Pharmaceuticals & Drugs,2855.0,86.6,3.13,47442.13,2020-03-24 15:16:49.052486
13,Eicher Motors,Automobile - LCVS/ HVCS,14101.05,395.15,2.88,38503.58,2020-03-24 15:16:49.052486
14,GAIL,Gas Distribution,76.2,-1.8,-2.31,34660.9,2020-03-24 15:16:49.052486
15,Grasim,Diversified,403.0,-30.25,-6.98,26509.3,2020-03-24 15:16:49.052486
16,HCL Tech,IT Services & Consulting,440.05,22.9,5.49,119414.83,2020-03-24 15:16:49.052486
17,HDFC,Finance - Housing,1501.0,-19.7,-1.3,259969.77,2020-03-24 15:16:49.052486
18,HDFC Bank,Bank - Private,774.3,2.75,0.36,424570.87,2020-03-24 15:16:49.052486
19,Hero Motocorp,Automobile - 2 & 3 Wheelers,1624.8,8.8,0.54,32453.65,2020-03-24 15:16:49.052486
20,Hindalco,Iron & Steel,89.05,1.15,1.31,20002.61,2020-03-24 15:16:49.052486
21,HUL,Household & Personal Products,2028.05,158.35,8.47,439036.54,2020-03-24 15:16:49.052486
22,ICICI Bank,Bank - Private,297.0,13.0,4.58,192232.93,2020-03-24 15:16:49.052486
23,IndusInd Bank,Bank - Private,312.3,-24.15,-7.18,21659.12,2020-03-24 15:16:49.052486
24,Infosys,IT Services & Consulting,590.8,64.35,12.22,251609.74,2020-03-24 15:16:49.052486
25,IOC,Refineries,79.65,-1.1,-1.36,74983.78,2020-03-24 15:16:49.052486
26,ITC,Cigarettes/Tobacco,150.2,-4.1,-2.66,184629.31,2020-03-24 15:16:49.052486
27,JSW Steel,Iron & Steel,147.0,2.6,1.8,35533.14,2020-03-24 15:16:49.052486
28,Kotak Mahindra,Bank - Private,1158.5,60.25,5.49,221559.24,2020-03-24 15:16:49.052486
29,Larsen,Engineering & Construction,712.75,-11.3,-1.56,100062.4,2020-03-24 15:16:49.052486
30,M&M,Automobile - Auto & Truck Manufacturers,269.9,-23.5,-8.01,33553.77,2020-03-24 15:16:49.052486
31,Maruti Suzuki,Automobile - Passenger Cars,4493.95,273.6,6.48,135753.27,2020-03-24 15:16:49.052486
32,Nestle,Consumer Food,13563.25,618.6,4.78,130771.05,2020-03-24 15:16:49.052486
33,NTPC,Power Generation/Distribution,78.1,1.7,2.23,77276.49,2020-03-24 15:16:49.052486
34,ONGC,Oil Exploration and Production,62.65,2.25,3.73,78815.45,2020-03-24 15:16:49.052486
35,Power Grid Corp,Power Generation/Distribution,146.75,-6.25,-4.08,76773.58,2020-03-24 15:16:49.052486
36,Reliance,Oil Exploration and Production,949.2,65.15,7.37,601723.27,2020-03-24 15:16:49.052486
37,SBI,Bank - Public,183.75,2.15,1.18,163989.74,2020-03-24 15:16:49.052486
38,Sun Pharma,Pharmaceuticals & Drugs,334.6,10.1,3.11,80281.75,2020-03-24 15:16:49.052486
39,Tata Motors,Automobile - LCVS/ HVCS,68.9,2.7,4.08,21283.02,2020-03-24 15:16:49.052486
40,Tata Steel,Iron & Steel,271.65,0.5,0.18,30601.09,2020-03-24 15:16:49.052486
41,TCS,IT Services & Consulting,1701.0,31.3,1.87,638280.64,2020-03-24 15:16:49.052486
42,Tech Mahindra,IT Services & Consulting,507.45,20.25,4.16,50051.25,2020-03-24 15:16:49.052486
43,Titan Company,Diamond  &  Jewellery,816.3,15.35,1.92,72469.98,2020-03-24 15:16:49.052486
44,UltraTechCement,Cement,3028.7,-26.15,-0.86,87415.39,2020-03-24 15:16:49.052486
45,UPL,Pesticides & Agrochemicals,260.1,5.5,2.16,19872.82,2020-03-24 15:16:49.052486
46,Vedanta,Metals - Non Ferrous,62.95,0.3,0.48,23399.75,2020-03-24 15:16:49.052486
47,Wipro,IT Services & Consulting,177.1,6.95,4.08,101183.56,2020-03-24 15:16:49.052486
48,Yes Bank,Bank - Private,35.1,-4.65,-11.7,44052.16,2020-03-24 15:16:49.052486
49,Zee Entertain,TV Broadcasting & Software Production,119.2,-2.8,-2.3,11448.96,2020-03-24 15:16:49.052486
0,Adani Ports,Transport Infrastructure,230.75,22.95,11.04,46882.67,2020-03-24 15:17:49.408034
1,Asian Paints,Paints,1523.45,25.0,1.67,146128.99,2020-03-24 15:17:49.408034
2,Axis Bank,Bank - Private,304.4,-4.25,-1.38,85884.68,2020-03-24 15:17:49.408034
3,Bajaj Auto,Automobile - 2 & 3 Wheelers,1943.5,7.95,0.41,56238.48,2020-03-24 15:17:49.408034
4,Bajaj Finance,Finance - NBFC,2491.55,225.4,9.95,149913.84,2020-03-24 15:17:49.408034
5,Bajaj Finserv,Finance - Investment,4521.95,-99.1,-2.14,71961.09,2020-03-24 15:17:49.408034
6,Bharti Airtel,Telecommunication - Service Provider,405.1,-2.25,-0.55,221004.63,2020-03-24 15:17:49.408034
7,Bharti Infratel,Telecommunication - Equipment,143.4,0.0,0.0,26523.38,2020-03-24 15:17:49.408034
8,BPCL,Refineries,265.0,-4.35,-1.61,57485.2,2020-03-24 15:17:49.408034
9,Britannia,Consumer Food,2381.4,243.55,11.39,57265.12,2020-03-24 15:17:49.408034
10,Cipla,Pharmaceuticals & Drugs,378.0,2.75,0.73,30475.7,2020-03-24 15:17:49.408034
11,Coal India,Coal,129.05,1.2,0.94,79530.01,2020-03-24 15:17:49.408034
12,Dr Reddys Labs,Pharmaceuticals & Drugs,2855.0,86.6,3.13,47442.13,2020-03-24 15:17:49.408034
13,Eicher Motors,Automobile - LCVS/ HVCS,14101.05,395.15,2.88,38503.58,2020-03-24 15:17:49.408034
14,GAIL,Gas Distribution,76.2,-1.8,-2.31,34660.9,2020-03-24 15:17:49.408034
15,Grasim,Diversified,403.0,-30.25,-6.98,26509.3,2020-03-24 15:17:49.408034
16,HCL Tech,IT Services & Consulting,440.05,22.9,5.49,119414.83,2020-03-24 15:17:49.408034
17,HDFC,Finance - Housing,1501.0,-19.7,-1.3,259969.77,2020-03-24 15:17:49.408034
18,HDFC Bank,Bank - Private,774.3,2.75,0.36,424570.87,2020-03-24 15:17:49.408034
19,Hero Motocorp,Automobile - 2 & 3 Wheelers,1624.8,8.8,0.54,32453.65,2020-03-24 15:17:49.408034
20,Hindalco,Iron & Steel,89.05,1.15,1.31,20002.61,2020-03-24 15:17:49.408034
21,HUL,Household & Personal Products,2028.05,158.35,8.47,439036.54,2020-03-24 15:17:49.408034
22,ICICI Bank,Bank - Private,297.0,13.0,4.58,192232.93,2020-03-24 15:17:49.408034
23,IndusInd Bank,Bank - Private,312.3,-24.15,-7.18,21659.12,2020-03-24 15:17:49.408034
24,Infosys,IT Services & Consulting,590.8,64.35,12.22,251609.74,2020-03-24 15:17:49.408034
25,IOC,Refineries,79.65,-1.1,-1.36,74983.78,2020-03-24 15:17:49.408034
26,ITC,Cigarettes/Tobacco,150.2,-4.1,-2.66,184629.31,2020-03-24 15:17:49.408034
27,JSW Steel,Iron & Steel,147.0,2.6,1.8,35533.14,2020-03-24 15:17:49.408034
28,Kotak Mahindra,Bank - Private,1158.5,60.25,5.49,221559.24,2020-03-24 15:17:49.408034
29,Larsen,Engineering & Construction,712.75,-11.3,-1.56,100062.4,2020-03-24 15:17:49.408034
30,M&M,Automobile - Auto & Truck Manufacturers,269.9,-23.5,-8.01,33553.77,2020-03-24 15:17:49.408034
31,Maruti Suzuki,Automobile - Passenger Cars,4493.95,273.6,6.48,135753.27,2020-03-24 15:17:49.408034
32,Nestle,Consumer Food,13563.25,618.6,4.78,130771.05,2020-03-24 15:17:49.408034
33,NTPC,Power Generation/Distribution,78.1,1.7,2.23,77276.49,2020-03-24 15:17:49.408034
34,ONGC,Oil Exploration and Production,62.65,2.25,3.73,78815.45,2020-03-24 15:17:49.408034
35,Power Grid Corp,Power Generation/Distribution,146.75,-6.25,-4.08,76773.58,2020-03-24 15:17:49.408034
36,Reliance,Oil Exploration and Production,949.2,65.15,7.37,601723.27,2020-03-24 15:17:49.408034
37,SBI,Bank - Public,183.75,2.15,1.18,163989.74,2020-03-24 15:17:49.408034
38,Sun Pharma,Pharmaceuticals & Drugs,334.6,10.1,3.11,80281.75,2020-03-24 15:17:49.408034
39,Tata Motors,Automobile - LCVS/ HVCS,68.9,2.7,4.08,21283.02,2020-03-24 15:17:49.408034
40,Tata Steel,Iron & Steel,271.65,0.5,0.18,30601.09,2020-03-24 15:17:49.408034
41,TCS,IT Services & Consulting,1701.0,31.3,1.87,638280.64,2020-03-24 15:17:49.408034
42,Tech Mahindra,IT Services & Consulting,507.45,20.25,4.16,50051.25,2020-03-24 15:17:49.408034
43,Titan Company,Diamond  &  Jewellery,816.3,15.35,1.92,72469.98,2020-03-24 15:17:49.408034
44,UltraTechCement,Cement,3028.7,-26.15,-0.86,87415.39,2020-03-24 15:17:49.408034
45,UPL,Pesticides & Agrochemicals,260.1,5.5,2.16,19872.82,2020-03-24 15:17:49.408034
46,Vedanta,Metals - Non Ferrous,62.95,0.3,0.48,23399.75,2020-03-24 15:17:49.408034
47,Wipro,IT Services & Consulting,177.1,6.95,4.08,101183.56,2020-03-24 15:17:49.408034
48,Yes Bank,Bank - Private,35.1,-4.65,-11.7,44052.16,2020-03-24 15:17:49.408034
49,Zee Entertain,TV Broadcasting & Software Production,119.2,-2.8,-2.3,11448.96,2020-03-24 15:17:49.408034
0,Adani Ports,Transport Infrastructure,232.05,24.25,11.67,47146.8,2020-03-24 15:18:51.276519
1,Asian Paints,Paints,1536.35,37.9,2.53,147366.35,2020-03-24 15:18:51.276519
2,Axis Bank,Bank - Private,303.7,-4.95,-1.6,85687.18,2020-03-24 15:18:51.276519
3,Bajaj Auto,Automobile - 2 & 3 Wheelers,1940.7,5.15,0.27,56157.46,2020-03-24 15:18:51.276519
4,Bajaj Finance,Finance - NBFC,2491.0,224.85,9.92,149880.75,2020-03-24 15:18:51.276519
5,Bajaj Finserv,Finance - Investment,4560.2,-60.85,-1.32,72569.79,2020-03-24 15:18:51.276519
6,Bharti Airtel,Telecommunication - Service Provider,404.05,-3.3,-0.81,220431.79,2020-03-24 15:18:51.276519
7,Bharti Infratel,Telecommunication - Equipment,140.6,-2.8,-1.95,26005.49,2020-03-24 15:18:51.276519
8,BPCL,Refineries,264.8,-4.55,-1.69,57441.81,2020-03-24 15:18:51.276519
9,Britannia,Consumer Food,2382.25,244.4,11.43,57285.56,2020-03-24 15:18:51.276519
10,Cipla,Pharmaceuticals & Drugs,376.5,1.25,0.33,30354.76,2020-03-24 15:18:51.276519
11,Coal India,Coal,128.4,0.55,0.43,79129.43,2020-03-24 15:18:51.276519
12,Dr Reddys Labs,Pharmaceuticals & Drugs,2847.4,79.0,2.85,47315.84,2020-03-24 15:18:51.276519
13,Eicher Motors,Automobile - LCVS/ HVCS,14114.0,408.1,2.98,38538.94,2020-03-24 15:18:51.276519
14,GAIL,Gas Distribution,75.75,-2.25,-2.88,34456.21,2020-03-24 15:18:51.276519
15,Grasim,Diversified,402.05,-31.2,-7.2,26446.81,2020-03-24 15:18:51.276519
16,HCL Tech,IT Services & Consulting,442.2,25.05,6.01,119998.27,2020-03-24 15:18:51.276519
17,HDFC,Finance - Housing,1497.1,-23.6,-1.55,259294.3,2020-03-24 15:18:51.276519
18,HDFC Bank,Bank - Private,772.85,1.3,0.17,423775.79,2020-03-24 15:18:51.276519
19,Hero Motocorp,Automobile - 2 & 3 Wheelers,1642.0,26.0,1.61,32797.2,2020-03-24 15:18:51.276519
20,Hindalco,Iron & Steel,89.0,1.1,1.25,19991.38,2020-03-24 15:18:51.276519
21,HUL,Household & Personal Products,2022.1,152.4,8.15,437748.47,2020-03-24 15:18:51.276519
22,ICICI Bank,Bank - Private,295.75,11.75,4.14,191423.87,2020-03-24 15:18:51.276519
23,IndusInd Bank,Bank - Private,312.65,-23.8,-7.07,21683.39,2020-03-24 15:18:51.276519
24,Infosys,IT Services & Consulting,588.45,62.0,11.78,250608.92,2020-03-24 15:18:51.276519
25,IOC,Refineries,79.65,-1.1,-1.36,74983.78,2020-03-24 15:18:51.276519
26,ITC,Cigarettes/Tobacco,150.05,-4.25,-2.75,184444.93,2020-03-24 15:18:51.276519
27,JSW Steel,Iron & Steel,146.75,2.35,1.63,35472.71,2020-03-24 15:18:51.276519
28,Kotak Mahindra,Bank - Private,1158.6,60.35,5.5,221578.37,2020-03-24 15:18:51.276519
29,Larsen,Engineering & Construction,708.7,-15.35,-2.12,99493.83,2020-03-24 15:18:51.276519
30,M&M,Automobile - Auto & Truck Manufacturers,270.45,-22.95,-7.82,33622.14,2020-03-24 15:18:51.276519
31,Maruti Suzuki,Automobile - Passenger Cars,4490.5,270.15,6.4,135649.05,2020-03-24 15:18:51.276519
32,Nestle,Consumer Food,13613.25,668.6,5.17,131253.12,2020-03-24 15:18:51.276519
33,NTPC,Power Generation/Distribution,78.05,1.65,2.16,77227.02,2020-03-24 15:18:51.276519
34,ONGC,Oil Exploration and Production,62.5,2.1,3.48,78626.75,2020-03-24 15:18:51.276519
35,Power Grid Corp,Power Generation/Distribution,147.3,-5.7,-3.73,77061.32,2020-03-24 15:18:51.276519
36,Reliance,Oil Exploration and Production,939.3,55.25,6.25,595447.4,2020-03-24 15:18:51.276519
37,SBI,Bank - Public,183.65,2.05,1.13,163900.49,2020-03-24 15:18:51.276519
38,Sun Pharma,Pharmaceuticals & Drugs,334.65,10.15,3.13,80293.74,2020-03-24 15:18:51.276519
39,Tata Motors,Automobile - LCVS/ HVCS,68.75,2.55,3.85,21236.68,2020-03-24 15:18:51.276519
40,Tata Steel,Iron & Steel,270.5,-0.65,-0.24,30471.55,2020-03-24 15:18:51.276519
41,TCS,IT Services & Consulting,1702.25,32.55,1.95,638749.69,2020-03-24 15:18:51.276519
42,Tech Mahindra,IT Services & Consulting,503.8,16.6,3.41,49691.24,2020-03-24 15:18:51.276519
43,Titan Company,Diamond  &  Jewellery,815.15,14.2,1.77,72367.89,2020-03-24 15:18:51.276519
44,UltraTechCement,Cement,3017.0,-37.85,-1.24,87077.7,2020-03-24 15:18:51.276519
45,UPL,Pesticides & Agrochemicals,258.7,4.1,1.61,19765.86,2020-03-24 15:18:51.276519
46,Vedanta,Metals - Non Ferrous,62.6,-0.05,-0.08,23269.65,2020-03-24 15:18:51.276519
47,Wipro,IT Services & Consulting,176.3,6.15,3.61,100726.49,2020-03-24 15:18:51.276519
48,Yes Bank,Bank - Private,35.0,-4.75,-11.95,43926.65,2020-03-24 15:18:51.276519
49,Zee Entertain,TV Broadcasting & Software Production,119.2,-2.8,-2.3,11448.96,2020-03-24 15:18:51.276519
0,Adani Ports,Transport Infrastructure,231.95,24.15,11.62,47126.48,2020-03-24 15:19:51.649835
1,Asian Paints,Paints,1535.15,36.7,2.45,147251.25,2020-03-24 15:19:51.649835
2,Axis Bank,Bank - Private,303.55,-5.1,-1.65,85644.85,2020-03-24 15:19:51.649835
3,Bajaj Auto,Automobile - 2 & 3 Wheelers,1944.1,8.55,0.44,56255.84,2020-03-24 15:19:51.649835
4,Bajaj Finance,Finance - NBFC,2494.55,228.4,10.08,150094.35,2020-03-24 15:19:51.649835
5,Bajaj Finserv,Finance - Investment,4607.45,-13.6,-0.29,73321.71,2020-03-24 15:19:51.649835
6,Bharti Airtel,Telecommunication - Service Provider,404.75,-2.6,-0.64,220813.68,2020-03-24 15:19:51.649835
7,Bharti Infratel,Telecommunication - Equipment,140.75,-2.65,-1.85,26033.24,2020-03-24 15:19:51.649835
8,BPCL,Refineries,262.7,-6.65,-2.47,56986.27,2020-03-24 15:19:51.649835
9,Britannia,Consumer Food,2384.45,246.6,11.53,57338.46,2020-03-24 15:19:51.649835
10,Cipla,Pharmaceuticals & Drugs,375.95,0.7,0.19,30310.42,2020-03-24 15:19:51.649835
11,Coal India,Coal,128.4,0.55,0.43,79129.43,2020-03-24 15:19:51.649835
12,Dr Reddys Labs,Pharmaceuticals & Drugs,2855.65,87.25,3.15,47452.93,2020-03-24 15:19:51.649835
13,Eicher Motors,Automobile - LCVS/ HVCS,14111.95,406.05,2.96,38533.35,2020-03-24 15:19:51.649835
14,GAIL,Gas Distribution,76.1,-1.9,-2.44,34615.41,2020-03-24 15:19:51.649835
15,Grasim,Diversified,403.35,-29.9,-6.9,26532.32,2020-03-24 15:19:51.649835
16,HCL Tech,IT Services & Consulting,442.25,25.1,6.02,120011.84,2020-03-24 15:19:51.649835
17,HDFC,Finance - Housing,1499.25,-21.45,-1.41,259666.68,2020-03-24 15:19:51.649835
18,HDFC Bank,Bank - Private,774.0,2.45,0.32,424406.37,2020-03-24 15:19:51.649835
19,Hero Motocorp,Automobile - 2 & 3 Wheelers,1635.9,19.9,1.23,32675.36,2020-03-24 15:19:51.649835
20,Hindalco,Iron & Steel,89.2,1.3,1.48,20036.31,2020-03-24 15:19:51.649835
21,HUL,Household & Personal Products,2023.0,153.3,8.2,437943.3,2020-03-24 15:19:51.649835
22,ICICI Bank,Bank - Private,295.95,11.95,4.21,191553.32,2020-03-24 15:19:51.649835
23,IndusInd Bank,Bank - Private,314.3,-22.15,-6.58,21797.83,2020-03-24 15:19:51.649835
24,Infosys,IT Services & Consulting,591.05,64.6,12.27,251716.21,2020-03-24 15:19:51.649835
25,IOC,Refineries,79.65,-1.1,-1.36,74983.78,2020-03-24 15:19:51.649835
26,ITC,Cigarettes/Tobacco,150.1,-4.2,-2.72,184506.39,2020-03-24 15:19:51.649835
27,JSW Steel,Iron & Steel,147.35,2.95,2.04,35617.74,2020-03-24 15:19:51.649835
28,Kotak Mahindra,Bank - Private,1163.5,65.25,5.94,222515.48,2020-03-24 15:19:51.649835
29,Larsen,Engineering & Construction,707.95,-16.1,-2.22,99388.54,2020-03-24 15:19:51.649835
30,M&M,Automobile - Auto & Truck Manufacturers,269.95,-23.45,-7.99,33559.98,2020-03-24 15:19:51.649835
31,Maruti Suzuki,Automobile - Passenger Cars,4493.8,273.45,6.48,135748.74,2020-03-24 15:19:51.649835
32,Nestle,Consumer Food,13623.85,679.2,5.25,131355.33,2020-03-24 15:19:51.649835
33,NTPC,Power Generation/Distribution,77.85,1.45,1.9,77029.13,2020-03-24 15:19:51.649835
34,ONGC,Oil Exploration and Production,62.5,2.1,3.48,78626.75,2020-03-24 15:19:51.649835
35,Power Grid Corp,Power Generation/Distribution,147.3,-5.7,-3.73,77061.32,2020-03-24 15:19:51.649835
36,Reliance,Oil Exploration and Production,942.0,57.95,6.56,597159.0,2020-03-24 15:19:51.649835
37,SBI,Bank - Public,183.9,2.3,1.27,164123.61,2020-03-24 15:19:51.649835
38,Sun Pharma,Pharmaceuticals & Drugs,335.6,11.1,3.42,80521.68,2020-03-24 15:19:51.649835
39,Tata Motors,Automobile - LCVS/ HVCS,68.65,2.45,3.7,21205.79,2020-03-24 15:19:51.649835
40,Tata Steel,Iron & Steel,271.35,0.2,0.07,30567.3,2020-03-24 15:19:51.649835
41,TCS,IT Services & Consulting,1704.95,35.25,2.11,639762.83,2020-03-24 15:19:51.649835
42,Tech Mahindra,IT Services & Consulting,505.15,17.95,3.68,49824.39,2020-03-24 15:19:51.649835
43,Titan Company,Diamond  &  Jewellery,817.0,16.05,2.0,72532.13,2020-03-24 15:19:51.649835
44,UltraTechCement,Cement,3036.85,-18.0,-0.59,87650.62,2020-03-24 15:19:51.649835
45,UPL,Pesticides & Agrochemicals,258.35,3.75,1.47,19739.11,2020-03-24 15:19:51.649835
46,Vedanta,Metals - Non Ferrous,62.95,0.3,0.48,23399.75,2020-03-24 15:19:51.649835
47,Wipro,IT Services & Consulting,176.65,6.5,3.82,100926.46,2020-03-24 15:19:51.649835
48,Yes Bank,Bank - Private,35.0,-4.75,-11.95,43926.65,2020-03-24 15:19:51.649835
49,Zee Entertain,TV Broadcasting & Software Production,118.8,-3.2,-2.62,11410.54,2020-03-24 15:19:51.649835
0,Adani Ports,Transport Infrastructure,231.95,24.15,11.62,47126.48,2020-03-24 15:20:52.020249
1,Asian Paints,Paints,1535.15,36.7,2.45,147251.25,2020-03-24 15:20:52.020249
2,Axis Bank,Bank - Private,303.55,-5.1,-1.65,85644.85,2020-03-24 15:20:52.020249
3,Bajaj Auto,Automobile - 2 & 3 Wheelers,1944.1,8.55,0.44,56255.84,2020-03-24 15:20:52.020249
4,Bajaj Finance,Finance - NBFC,2494.55,228.4,10.08,150094.35,2020-03-24 15:20:52.020249
5,Bajaj Finserv,Finance - Investment,4607.45,-13.6,-0.29,73321.71,2020-03-24 15:20:52.020249
6,Bharti Airtel,Telecommunication - Service Provider,404.75,-2.6,-0.64,220813.68,2020-03-24 15:20:52.020249
7,Bharti Infratel,Telecommunication - Equipment,140.75,-2.65,-1.85,26033.24,2020-03-24 15:20:52.020249
8,BPCL,Refineries,262.7,-6.65,-2.47,56986.27,2020-03-24 15:20:52.020249
9,Britannia,Consumer Food,2384.45,246.6,11.53,57338.46,2020-03-24 15:20:52.020249
10,Cipla,Pharmaceuticals & Drugs,375.95,0.7,0.19,30310.42,2020-03-24 15:20:52.020249
11,Coal India,Coal,128.4,0.55,0.43,79129.43,2020-03-24 15:20:52.020249
12,Dr Reddys Labs,Pharmaceuticals & Drugs,2855.65,87.25,3.15,47452.93,2020-03-24 15:20:52.020249
13,Eicher Motors,Automobile - LCVS/ HVCS,14111.95,406.05,2.96,38533.35,2020-03-24 15:20:52.020249
14,GAIL,Gas Distribution,76.1,-1.9,-2.44,34615.41,2020-03-24 15:20:52.020249
15,Grasim,Diversified,403.35,-29.9,-6.9,26532.32,2020-03-24 15:20:52.020249
16,HCL Tech,IT Services & Consulting,442.25,25.1,6.02,120011.84,2020-03-24 15:20:52.020249
17,HDFC,Finance - Housing,1499.25,-21.45,-1.41,259666.68,2020-03-24 15:20:52.020249
18,HDFC Bank,Bank - Private,774.0,2.45,0.32,424406.37,2020-03-24 15:20:52.020249
19,Hero Motocorp,Automobile - 2 & 3 Wheelers,1635.9,19.9,1.23,32675.36,2020-03-24 15:20:52.020249
20,Hindalco,Iron & Steel,89.2,1.3,1.48,20036.31,2020-03-24 15:20:52.020249
21,HUL,Household & Personal Products,2023.0,153.3,8.2,437943.3,2020-03-24 15:20:52.020249
22,ICICI Bank,Bank - Private,295.95,11.95,4.21,191553.32,2020-03-24 15:20:52.020249
23,IndusInd Bank,Bank - Private,314.3,-22.15,-6.58,21797.83,2020-03-24 15:20:52.020249
24,Infosys,IT Services & Consulting,591.05,64.6,12.27,251716.21,2020-03-24 15:20:52.020249
25,IOC,Refineries,79.65,-1.1,-1.36,74983.78,2020-03-24 15:20:52.020249
26,ITC,Cigarettes/Tobacco,150.1,-4.2,-2.72,184506.39,2020-03-24 15:20:52.020249
27,JSW Steel,Iron & Steel,147.35,2.95,2.04,35617.74,2020-03-24 15:20:52.020249
28,Kotak Mahindra,Bank - Private,1163.5,65.25,5.94,222515.48,2020-03-24 15:20:52.020249
29,Larsen,Engineering & Construction,707.95,-16.1,-2.22,99388.54,2020-03-24 15:20:52.020249
30,M&M,Automobile - Auto & Truck Manufacturers,269.95,-23.45,-7.99,33559.98,2020-03-24 15:20:52.020249
31,Maruti Suzuki,Automobile - Passenger Cars,4493.8,273.45,6.48,135748.74,2020-03-24 15:20:52.020249
32,Nestle,Consumer Food,13623.85,679.2,5.25,131355.33,2020-03-24 15:20:52.020249
33,NTPC,Power Generation/Distribution,77.85,1.45,1.9,77029.13,2020-03-24 15:20:52.020249
34,ONGC,Oil Exploration and Production,62.5,2.1,3.48,78626.75,2020-03-24 15:20:52.020249
35,Power Grid Corp,Power Generation/Distribution,147.3,-5.7,-3.73,77061.32,2020-03-24 15:20:52.020249
36,Reliance,Oil Exploration and Production,942.0,57.95,6.56,597159.0,2020-03-24 15:20:52.020249
37,SBI,Bank - Public,183.9,2.3,1.27,164123.61,2020-03-24 15:20:52.020249
38,Sun Pharma,Pharmaceuticals & Drugs,335.6,11.1,3.42,80521.68,2020-03-24 15:20:52.020249
39,Tata Motors,Automobile - LCVS/ HVCS,68.65,2.45,3.7,21205.79,2020-03-24 15:20:52.020249
40,Tata Steel,Iron & Steel,271.35,0.2,0.07,30567.3,2020-03-24 15:20:52.020249
41,TCS,IT Services & Consulting,1704.95,35.25,2.11,639762.83,2020-03-24 15:20:52.020249
42,Tech Mahindra,IT Services & Consulting,505.15,17.95,3.68,49824.39,2020-03-24 15:20:52.020249
43,Titan Company,Diamond  &  Jewellery,817.0,16.05,2.0,72532.13,2020-03-24 15:20:52.020249
44,UltraTechCement,Cement,3036.85,-18.0,-0.59,87650.62,2020-03-24 15:20:52.020249
45,UPL,Pesticides & Agrochemicals,258.35,3.75,1.47,19739.11,2020-03-24 15:20:52.020249
46,Vedanta,Metals - Non Ferrous,62.95,0.3,0.48,23399.75,2020-03-24 15:20:52.020249
47,Wipro,IT Services & Consulting,176.65,6.5,3.82,100926.46,2020-03-24 15:20:52.020249
48,Yes Bank,Bank - Private,35.0,-4.75,-11.95,43926.65,2020-03-24 15:20:52.020249
49,Zee Entertain,TV Broadcasting & Software Production,118.8,-3.2,-2.62,11410.54,2020-03-24 15:20:52.020249
0,Adani Ports,Transport Infrastructure,233.8,26.0,12.51,47502.36,2020-03-24 15:21:53.731000
1,Asian Paints,Paints,1535.0,36.55,2.44,147236.86,2020-03-24 15:21:53.731000
2,Axis Bank,Bank - Private,302.0,-6.65,-2.15,85207.53,2020-03-24 15:21:53.731000
3,Bajaj Auto,Automobile - 2 & 3 Wheelers,1948.45,12.9,0.67,56381.72,2020-03-24 15:21:53.731000
4,Bajaj Finance,Finance - NBFC,2500.0,233.85,10.32,150422.27,2020-03-24 15:21:53.731000
5,Bajaj Finserv,Finance - Investment,4570.9,-50.15,-1.09,72740.06,2020-03-24 15:21:53.731000
6,Bharti Airtel,Telecommunication - Service Provider,403.1,-4.25,-1.04,219913.52,2020-03-24 15:21:53.731000
7,Bharti Infratel,Telecommunication - Equipment,141.65,-1.75,-1.22,26199.7,2020-03-24 15:21:53.731000
8,BPCL,Refineries,267.7,-1.65,-0.61,58070.9,2020-03-24 15:21:53.731000
9,Britannia,Consumer Food,2380.25,242.4,11.34,57237.47,2020-03-24 15:21:53.731000
10,Cipla,Pharmaceuticals & Drugs,377.25,2.0,0.53,30415.23,2020-03-24 15:21:53.731000
11,Coal India,Coal,128.3,0.45,0.35,79067.8,2020-03-24 15:21:53.731000
12,Dr Reddys Labs,Pharmaceuticals & Drugs,2846.45,78.05,2.82,47300.05,2020-03-24 15:21:53.731000
13,Eicher Motors,Automobile - LCVS/ HVCS,14144.5,438.6,3.2,38622.23,2020-03-24 15:21:53.731000
14,GAIL,Gas Distribution,75.55,-2.45,-3.14,34365.24,2020-03-24 15:21:53.731000
15,Grasim,Diversified,399.9,-33.35,-7.7,26305.38,2020-03-24 15:21:53.731000
16,HCL Tech,IT Services & Consulting,444.15,27.0,6.47,120527.44,2020-03-24 15:21:53.731000
17,HDFC,Finance - Housing,1490.1,-30.6,-2.01,258081.92,2020-03-24 15:21:53.731000
18,HDFC Bank,Bank - Private,772.85,1.3,0.17,423775.79,2020-03-24 15:21:53.731000
19,Hero Motocorp,Automobile - 2 & 3 Wheelers,1637.55,21.55,1.33,32708.32,2020-03-24 15:21:53.731000
20,Hindalco,Iron & Steel,89.05,1.15,1.31,20002.61,2020-03-24 15:21:53.731000
21,HUL,Household & Personal Products,2021.75,152.05,8.13,437672.7,2020-03-24 15:21:53.731000
22,ICICI Bank,Bank - Private,296.25,12.25,4.31,191747.49,2020-03-24 15:21:53.731000
23,IndusInd Bank,Bank - Private,319.3,-17.15,-5.1,22144.6,2020-03-24 15:21:53.731000
24,Infosys,IT Services & Consulting,599.35,72.9,13.85,255251.01,2020-03-24 15:21:53.731000
25,IOC,Refineries,79.85,-0.9,-1.11,75172.06,2020-03-24 15:21:53.731000
26,ITC,Cigarettes/Tobacco,150.75,-3.55,-2.3,185305.39,2020-03-24 15:21:53.731000
27,JSW Steel,Iron & Steel,147.0,2.6,1.8,35533.14,2020-03-24 15:21:53.731000
28,Kotak Mahindra,Bank - Private,1160.55,62.3,5.67,221951.3,2020-03-24 15:21:53.731000
29,Larsen,Engineering & Construction,710.2,-13.85,-1.91,99704.41,2020-03-24 15:21:53.731000
30,M&M,Automobile - Auto & Truck Manufacturers,268.7,-24.7,-8.42,33404.58,2020-03-24 15:21:53.731000
31,Maruti Suzuki,Automobile - Passenger Cars,4507.0,286.65,6.79,136147.48,2020-03-24 15:21:53.731000
32,Nestle,Consumer Food,13583.7,639.05,4.94,130968.22,2020-03-24 15:21:53.731000
33,NTPC,Power Generation/Distribution,77.9,1.5,1.96,77078.6,2020-03-24 15:21:53.731000
34,ONGC,Oil Exploration and Production,62.45,2.05,3.39,78563.84,2020-03-24 15:21:53.731000
35,Power Grid Corp,Power Generation/Distribution,147.65,-5.35,-3.5,77244.42,2020-03-24 15:21:53.731000
36,Reliance,Oil Exploration and Production,944.85,60.8,6.88,598965.69,2020-03-24 15:21:53.731000
37,SBI,Bank - Public,184.6,3.0,1.65,164748.33,2020-03-24 15:21:53.731000
38,Sun Pharma,Pharmaceuticals & Drugs,335.75,11.25,3.47,80557.67,2020-03-24 15:21:53.731000
39,Tata Motors,Automobile - LCVS/ HVCS,68.85,2.65,4.0,21267.57,2020-03-24 15:21:53.731000
40,Tata Steel,Iron & Steel,271.5,0.35,0.13,30584.19,2020-03-24 15:21:53.731000
41,TCS,IT Services & Consulting,1708.7,39.0,2.34,641169.97,2020-03-24 15:21:53.731000
42,Tech Mahindra,IT Services & Consulting,503.75,16.55,3.4,49686.31,2020-03-24 15:21:53.731000
43,Titan Company,Diamond  &  Jewellery,819.8,18.85,2.35,72780.71,2020-03-24 15:21:53.731000
44,UltraTechCement,Cement,3018.25,-36.6,-1.2,87113.78,2020-03-24 15:21:53.731000
45,UPL,Pesticides & Agrochemicals,258.85,4.25,1.67,19777.32,2020-03-24 15:21:53.731000
46,Vedanta,Metals - Non Ferrous,62.9,0.25,0.4,23381.17,2020-03-24 15:21:53.731000
47,Wipro,IT Services & Consulting,176.3,6.15,3.61,100726.49,2020-03-24 15:21:53.731000
48,Yes Bank,Bank - Private,34.85,-4.9,-12.33,43738.4,2020-03-24 15:21:53.731000
49,Zee Entertain,TV Broadcasting & Software Production,118.95,-3.05,-2.5,11424.95,2020-03-24 15:21:53.731000
